-- phpMyAdmin SQL Dump
-- version 4.9.4
-- https://www.phpmyadmin.net/
--
-- Servidor: localhost:3306
-- Tiempo de generación: 25-01-2021 a las 13:46:15
-- Versión del servidor: 5.6.49-cll-lve
-- Versión de PHP: 7.3.6

SET SQL_MODE = "NO_AUTO_VALUE_ON_ZERO";
SET AUTOCOMMIT = 0;
START TRANSACTION;
SET time_zone = "+00:00";


/*!40101 SET @OLD_CHARACTER_SET_CLIENT=@@CHARACTER_SET_CLIENT */;
/*!40101 SET @OLD_CHARACTER_SET_RESULTS=@@CHARACTER_SET_RESULTS */;
/*!40101 SET @OLD_COLLATION_CONNECTION=@@COLLATION_CONNECTION */;
/*!40101 SET NAMES utf8mb4 */;

--
-- Base de datos: `ing_brain`
--

-- --------------------------------------------------------

--
-- Estructura de tabla para la tabla `accesos`
--

CREATE TABLE `accesos` (
  `id` int(5) NOT NULL,
  `id_usuario` int(5) DEFAULT NULL,
  `id_roll` int(5) DEFAULT NULL,
  `fecha_creacion` datetime DEFAULT NULL,
  `fecha_ultimo_cambio` datetime DEFAULT NULL ON UPDATE CURRENT_TIMESTAMP,
  `id_pagina` int(5) DEFAULT NULL,
  `deleted` int(11) NOT NULL DEFAULT '0'
) ENGINE=InnoDB DEFAULT CHARSET=utf8mb4;

--
-- Volcado de datos para la tabla `accesos`
--

INSERT INTO `accesos` (`id`, `id_usuario`, `id_roll`, `fecha_creacion`, `fecha_ultimo_cambio`, `id_pagina`, `deleted`) VALUES
(1, 1, 5, '2020-09-21 17:07:03', '2020-09-21 19:14:37', 1, 0),
(2, 2, 4, '2020-09-21 17:10:36', '2020-09-21 17:17:28', 4, 0),
(3, 3, 3, '2020-09-21 17:18:05', '2020-09-21 17:18:08', 3, 0),
(4, 4, 2, '2020-09-21 17:18:13', '2020-09-21 17:18:16', 2, 0),
(5, 5, 1, '2020-09-21 17:18:19', '2020-09-21 17:19:46', 1, 0),
(6, 1, 5, '2020-09-21 19:13:54', '2020-09-21 19:13:57', 2, 0),
(7, 1, 5, '2020-09-21 19:14:12', '2020-09-21 19:14:14', 3, 0),
(8, 1, 5, '2020-09-21 19:14:24', '2020-09-21 19:14:27', 4, 0),
(9, 6, 4, '2020-10-06 13:19:00', '2020-10-06 13:19:00', 4, 0),
(10, 7, 4, '2020-10-06 13:19:00', '2020-10-06 13:19:00', 2, 0);

-- --------------------------------------------------------

--
-- Estructura de tabla para la tabla `alumnos`
--

CREATE TABLE `alumnos` (
  `id` int(11) NOT NULL,
  `id_usuario` int(11) NOT NULL,
  `matricula` varchar(60) NOT NULL,
  `id_plantel` int(11) NOT NULL,
  `id_unidad_negocio` int(11) NOT NULL,
  `comentarios` text NOT NULL,
  `fecha_creacion` datetime NOT NULL,
  `fecha_ultimo_cambio` datetime NOT NULL,
  `deleted` int(11) NOT NULL DEFAULT '0'
) ENGINE=InnoDB DEFAULT CHARSET=latin1;

--
-- Volcado de datos para la tabla `alumnos`
--

INSERT INTO `alumnos` (`id`, `id_usuario`, `matricula`, `id_plantel`, `id_unidad_negocio`, `comentarios`, `fecha_creacion`, `fecha_ultimo_cambio`, `deleted`) VALUES
(1, 19, '12345', 1, 1, 'prueba de alumno 1', '2020-11-26 16:00:07', '2020-11-26 16:00:07', 0),
(2, 20, '1234567890', 1, 1, 'Prueba de alumno 2', '2020-11-26 16:01:42', '2020-11-26 16:01:42', 0),
(3, 21, '0976544576', 1, 1, 'Esta es una prueba de usuario alumno 3', '2020-11-26 16:03:01', '2020-11-26 16:03:01', 0),
(4, 22, '101010101010', 3, 1, 'Uusario de prueba alumno 4', '2020-11-26 16:05:12', '2020-11-26 16:05:12', 0),
(5, 23, '959595959', 5, 1, 'usuario de prueba alumno 5', '2020-11-26 16:06:39', '2020-11-26 16:06:39', 0),
(6, 27, '123456', 1, 1, 's', '2020-12-12 15:13:06', '2020-12-12 15:13:06', 0),
(7, 30, '', 1, 1, 'LM', '2021-01-07 17:36:06', '2021-01-07 17:36:06', 0),
(8, 31, '12345653', 1, 1, 'Prueba de usuario', '2021-01-09 11:39:08', '2021-01-09 11:39:08', 0),
(9, 32, '', 1, 1, 'a', '2021-01-13 19:30:13', '2021-01-13 19:30:13', 0),
(10, 34, '92929292', 1, 1, 'prueba de alumno', '2021-01-18 12:29:53', '2021-01-18 12:29:53', 0),
(11, 35, '', 1, 1, 'A', '2021-01-21 18:08:50', '2021-01-21 18:08:50', 0),
(12, 36, '', 1, 1, 'a', '2021-01-21 18:09:47', '2021-01-21 18:09:47', 0),
(13, 37, '', 1, 1, 'a', '2021-01-21 18:11:02', '2021-01-21 18:11:02', 0),
(14, 40, '', 1, 1, 'a', '2021-01-23 12:12:36', '2021-01-23 12:12:36', 0);

-- --------------------------------------------------------

--
-- Estructura de tabla para la tabla `asistencia_grupo`
--

CREATE TABLE `asistencia_grupo` (
  `id` int(11) NOT NULL,
  `id_grupo` int(11) NOT NULL,
  `id_usuario` int(11) NOT NULL,
  `id_teacher` int(11) NOT NULL,
  `numero_de_semana` int(2) NOT NULL,
  `fecha_asistencia` date NOT NULL,
  `valor_asistencia` int(1) NOT NULL,
  `fecha_creacion` date NOT NULL,
  `fecha_ultimo_cambio` date NOT NULL,
  `deleted` int(1) NOT NULL DEFAULT '0'
) ENGINE=InnoDB DEFAULT CHARSET=latin1;

--
-- Volcado de datos para la tabla `asistencia_grupo`
--

INSERT INTO `asistencia_grupo` (`id`, `id_grupo`, `id_usuario`, `id_teacher`, `numero_de_semana`, `fecha_asistencia`, `valor_asistencia`, `fecha_creacion`, `fecha_ultimo_cambio`, `deleted`) VALUES
(1, 28, 19, 25, 51, '2020-12-14', 19, '2020-12-14', '2020-12-14', 0),
(2, 28, 20, 25, 51, '2020-12-14', 20, '2020-12-14', '2020-12-14', 0),
(3, 28, 27, 25, 51, '2020-12-14', 27, '2020-12-14', '2020-12-14', 0),
(4, 28, 19, 25, 51, '2020-12-14', 1, '2020-12-14', '2020-12-14', 0),
(5, 28, 20, 25, 51, '2020-12-14', 2, '2020-12-14', '2020-12-14', 0),
(6, 28, 27, 25, 51, '2020-12-14', 3, '2020-12-14', '2020-12-14', 0),
(7, 28, 19, 25, 51, '2020-12-14', 1, '2020-12-14', '2020-12-14', 0),
(8, 28, 20, 25, 51, '2020-12-14', 2, '2020-12-14', '2020-12-14', 0),
(9, 28, 27, 25, 51, '2020-12-14', 3, '2020-12-14', '2020-12-14', 0),
(10, 28, 19, 25, 51, '2020-12-14', 1, '2020-12-14', '2020-12-14', 0),
(11, 28, 20, 25, 51, '2020-12-14', 2, '2020-12-14', '2020-12-14', 0),
(12, 28, 27, 25, 51, '2020-12-14', 3, '2020-12-14', '2020-12-14', 0),
(13, 28, 19, 25, 51, '2020-12-14', 1, '2020-12-14', '2020-12-14', 0),
(14, 28, 20, 25, 51, '2020-12-14', 2, '2020-12-14', '2020-12-14', 0),
(15, 28, 27, 25, 51, '2020-12-14', 3, '2020-12-14', '2020-12-14', 0),
(16, 28, 19, 25, 51, '2021-01-13', 1, '2020-12-14', '2020-12-14', 0),
(17, 28, 20, 25, 51, '2021-01-14', 2, '2020-12-14', '2020-12-14', 0),
(18, 28, 27, 25, 51, '2021-01-19', 3, '2020-12-14', '2020-12-14', 0),
(19, 28, 19, 25, 51, '2021-01-18', 1, '2020-12-14', '2020-12-14', 0),
(20, 28, 20, 25, 51, '2021-01-16', 2, '2020-12-14', '2020-12-14', 0),
(21, 28, 27, 25, 51, '2021-01-15', 3, '2020-12-14', '2020-12-14', 0),
(22, 28, 19, 25, 51, '2021-01-14', 1, '2020-12-14', '2020-12-14', 0),
(23, 28, 20, 25, 51, '2021-01-13', 2, '2020-12-14', '2020-12-14', 0),
(24, 28, 27, 25, 51, '2021-01-12', 3, '2020-12-14', '2020-12-14', 0),
(25, 28, 19, 25, 51, '2021-01-11', 1, '2020-12-14', '2020-12-14', 0),
(26, 28, 20, 25, 51, '2020-12-14', 2, '2020-12-14', '2020-12-14', 0),
(27, 28, 27, 25, 51, '2020-12-14', 3, '2020-12-14', '2020-12-14', 0),
(28, 28, 19, 25, 51, '2020-12-14', 1, '2020-12-14', '2020-12-14', 0),
(29, 28, 20, 25, 51, '2020-12-14', 2, '2020-12-14', '2020-12-14', 0),
(30, 28, 27, 25, 51, '2020-12-14', 3, '2020-12-14', '2020-12-14', 0),
(31, 28, 19, 25, 51, '2020-12-18', 3, '2020-12-18', '2020-12-18', 0),
(32, 28, 20, 25, 51, '2020-12-18', 4, '2020-12-18', '2020-12-18', 0),
(33, 28, 27, 25, 51, '2020-12-18', 4, '2020-12-18', '2020-12-18', 0),
(34, 28, 19, 25, 51, '2020-12-18', 1, '2020-12-18', '2020-12-18', 0),
(35, 28, 20, 25, 51, '2020-12-18', 2, '2020-12-18', '2020-12-18', 0),
(36, 28, 27, 25, 51, '2020-12-18', 3, '2020-12-18', '2020-12-18', 0),
(37, 28, 19, 25, 51, '2020-12-18', 1, '2020-12-18', '2020-12-18', 0),
(38, 28, 20, 25, 51, '2020-12-18', 3, '2020-12-18', '2020-12-18', 0),
(39, 28, 27, 25, 51, '2020-12-18', 4, '2020-12-18', '2020-12-18', 0),
(40, 28, 21, 25, 1, '2021-01-11', 1, '2021-01-09', '2021-01-09', 0),
(42, 28, 21, 25, 2, '2021-01-12', 1, '2021-01-12', '2021-01-12', 0),
(43, 28, 21, 25, 2, '2021-01-13', 1, '2021-01-12', '2021-01-12', 0),
(44, 28, 21, 25, 2, '2021-01-14', 1, '2021-01-12', '2021-01-12', 0),
(45, 28, 21, 25, 2, '2021-01-15', 1, '2021-01-12', '2021-01-12', 0),
(46, 28, 21, 25, 3, '2021-01-18', 1, '2021-01-12', '2021-01-12', 0),
(47, 28, 21, 25, 3, '2021-01-19', 1, '2021-01-12', '2021-01-12', 0),
(48, 28, 21, 25, 3, '2021-01-20', 1, '2021-01-12', '2021-01-12', 0),
(49, 28, 21, 25, 3, '2021-01-21', 1, '2021-01-12', '2021-01-12', 0),
(50, 28, 21, 25, 3, '2021-01-22', 1, '2021-01-12', '2021-01-12', 0),
(51, 28, 21, 25, 4, '2021-01-25', 1, '2021-01-12', '2021-01-12', 0),
(52, 28, 21, 25, 4, '2021-01-26', 1, '2021-01-12', '2021-01-12', 0),
(53, 28, 21, 25, 4, '2021-01-27', 1, '2021-01-12', '2021-01-12', 0),
(54, 28, 21, 25, 4, '2021-01-28', 1, '2021-01-12', '2021-01-12', 0),
(55, 28, 21, 25, 4, '2021-01-29', 1, '2021-01-12', '2021-01-12', 0),
(56, 28, 21, 25, 5, '2021-02-01', 1, '2021-01-12', '2021-01-12', 0),
(57, 28, 21, 25, 5, '2021-02-02', 1, '2021-01-12', '2021-01-12', 0),
(58, 28, 21, 25, 5, '2021-02-03', 1, '2021-01-12', '2021-01-12', 0),
(59, 28, 21, 25, 5, '2021-02-04', 1, '2021-01-12', '2021-01-12', 0),
(60, 28, 21, 25, 5, '2021-02-05', 1, '2021-01-12', '2021-01-12', 0),
(61, 28, 31, 25, 2, '2021-01-11', 1, '2021-01-12', '2021-01-12', 0),
(62, 28, 31, 25, 2, '2021-01-12', 1, '2021-01-12', '2021-01-12', 0),
(63, 28, 31, 25, 2, '2021-01-13', 1, '2021-01-12', '2021-01-12', 0),
(64, 28, 31, 25, 2, '2021-01-14', 1, '2021-01-12', '2021-01-12', 0),
(65, 28, 31, 25, 2, '2021-01-15', 1, '2021-01-12', '2021-01-12', 0),
(66, 28, 31, 25, 3, '2021-01-18', 1, '2021-01-12', '2021-01-12', 0),
(67, 28, 31, 25, 3, '2021-01-19', 1, '2021-01-12', '2021-01-12', 0),
(68, 28, 31, 25, 3, '2021-01-20', 1, '2021-01-12', '2021-01-12', 0),
(69, 28, 31, 25, 3, '2021-01-21', 1, '2021-01-12', '2021-01-12', 0),
(70, 28, 31, 25, 3, '2021-01-22', 1, '2021-01-12', '2021-01-12', 0),
(71, 28, 31, 25, 4, '2021-01-25', 1, '2021-01-12', '2021-01-12', 0),
(72, 28, 31, 25, 4, '2021-01-26', 1, '2021-01-12', '2021-01-12', 0),
(73, 28, 31, 25, 4, '2021-01-27', 1, '2021-01-12', '2021-01-12', 0),
(74, 28, 31, 25, 4, '2021-01-28', 1, '2021-01-12', '2021-01-12', 0),
(75, 28, 31, 25, 4, '2021-01-29', 1, '2021-01-12', '2021-01-12', 0),
(76, 28, 31, 25, 5, '2021-02-01', 1, '2021-01-12', '2021-01-12', 0),
(77, 28, 31, 25, 5, '2021-02-02', 1, '2021-01-12', '2021-01-12', 0),
(78, 28, 31, 25, 5, '2021-02-03', 1, '2021-01-12', '2021-01-12', 0),
(79, 28, 31, 25, 5, '2021-02-04', 1, '2021-01-12', '2021-01-12', 0),
(80, 28, 31, 25, 5, '2021-02-05', 3, '2021-01-12', '2021-01-12', 0);

-- --------------------------------------------------------

--
-- Estructura de tabla para la tabla `black_list`
--

CREATE TABLE `black_list` (
  `id` int(5) NOT NULL,
  `ip_black` varchar(25) DEFAULT NULL,
  `fecha_creacion` datetime DEFAULT NULL,
  `fecha_ultimo_cambio` datetime DEFAULT NULL,
  `deleted` int(11) NOT NULL DEFAULT '0'
) ENGINE=InnoDB DEFAULT CHARSET=utf8mb4;

-- --------------------------------------------------------

--
-- Estructura de tabla para la tabla `cardex_curso`
--

CREATE TABLE `cardex_curso` (
  `id` int(11) NOT NULL,
  `id_alumno` int(11) NOT NULL,
  `id_curso` int(11) NOT NULL,
  `id_grupo` int(11) NOT NULL,
  `calificacion_final_primera_oportunidad` varchar(10) NOT NULL,
  `calificacion_final_segunda_oportunidad` varchar(10) NOT NULL,
  `fecha-registro` datetime NOT NULL,
  `fecha_ultimo_cambio` datetime NOT NULL,
  `deleted` int(2) NOT NULL
) ENGINE=MyISAM DEFAULT CHARSET=latin1;

-- --------------------------------------------------------

--
-- Estructura de tabla para la tabla `catalogo_valores_asistencia`
--

CREATE TABLE `catalogo_valores_asistencia` (
  `id` int(11) NOT NULL,
  `nombre` varchar(60) NOT NULL,
  `descripcion` text NOT NULL,
  `valor` int(10) NOT NULL,
  `fecha_creacion` datetime NOT NULL,
  `fecha_ultimo_cambio` datetime NOT NULL,
  `deleted` int(2) NOT NULL
) ENGINE=InnoDB DEFAULT CHARSET=latin1;

--
-- Volcado de datos para la tabla `catalogo_valores_asistencia`
--

INSERT INTO `catalogo_valores_asistencia` (`id`, `nombre`, `descripcion`, `valor`, `fecha_creacion`, `fecha_ultimo_cambio`, `deleted`) VALUES
(1, 'Asistencia', '', 10, '2021-01-11 15:44:48', '2021-01-11 15:44:48', 0),
(2, 'Falta', '', 0, '2021-01-11 15:44:48', '2021-01-11 15:44:48', 0),
(3, 'Retardo', '', 5, '2021-01-11 16:37:14', '2021-01-11 16:37:14', 0),
(4, 'Falta Justificada', '', 5, '2021-01-11 16:37:14', '2021-01-11 16:37:14', 0);

-- --------------------------------------------------------

--
-- Estructura de tabla para la tabla `categorias_evaluaciones`
--

CREATE TABLE `categorias_evaluaciones` (
  `id` int(11) NOT NULL,
  `nombre` text NOT NULL,
  `descripcion` text NOT NULL,
  `fecha_creacion` datetime NOT NULL,
  `fecha_ultimo_cambio` datetime NOT NULL,
  `deleted` int(2) NOT NULL
) ENGINE=MyISAM DEFAULT CHARSET=latin1;

--
-- Volcado de datos para la tabla `categorias_evaluaciones`
--

INSERT INTO `categorias_evaluaciones` (`id`, `nombre`, `descripcion`, `fecha_creacion`, `fecha_ultimo_cambio`, `deleted`) VALUES
(1, 'Ejercicio', 'Ejercicio', '2020-11-03 12:35:34', '2020-11-03 12:35:34', 0),
(2, 'Termino Medio', 'Termino Medio', '2020-11-03 12:35:34', '2020-11-03 12:35:34', 0),
(3, 'Termino Final', 'Termino Final', '2020-11-03 12:36:32', '2020-11-03 12:36:32', 0),
(4, 'Extra 1', 'Extra 1', '2020-11-03 12:36:32', '2020-11-03 12:36:32', 0),
(5, 'Extra 2', 'Extra 2', '2020-11-03 12:38:17', '2020-11-03 12:38:17', 0);

-- --------------------------------------------------------

--
-- Estructura de tabla para la tabla `categoria_recurso_evaluacion`
--

CREATE TABLE `categoria_recurso_evaluacion` (
  `id` int(11) NOT NULL,
  `nombre` varchar(60) NOT NULL,
  `fecha_creacion` datetime NOT NULL,
  `fecha_ultimo_cambio` datetime NOT NULL,
  `deleted` int(2) NOT NULL
) ENGINE=MyISAM DEFAULT CHARSET=latin1;

--
-- Volcado de datos para la tabla `categoria_recurso_evaluacion`
--

INSERT INTO `categoria_recurso_evaluacion` (`id`, `nombre`, `fecha_creacion`, `fecha_ultimo_cambio`, `deleted`) VALUES
(1, 'Normal', '2021-01-04 17:04:31', '2021-01-04 17:04:31', 0),
(2, 'Recuperación', '2021-01-04 17:04:31', '2021-01-04 17:04:31', 0),
(3, 'Otros', '2021-01-04 17:05:45', '2021-01-04 17:05:45', 0);

-- --------------------------------------------------------

--
-- Estructura de tabla para la tabla `ciclos`
--

CREATE TABLE `ciclos` (
  `id` int(5) NOT NULL,
  `nombre` varchar(30) DEFAULT NULL,
  `estatus` int(2) DEFAULT NULL,
  `fecha_inicio` date DEFAULT NULL,
  `fecha_fin` date DEFAULT NULL,
  `fecha_inicio_excluir` date DEFAULT NULL,
  `fecha_fin_excluir` date DEFAULT NULL,
  `comentarios` text,
  `fecha_creacion` datetime DEFAULT NULL,
  `fecha_ultimo_cambio` datetime DEFAULT NULL ON UPDATE CURRENT_TIMESTAMP,
  `usuario_creo` int(2) DEFAULT NULL,
  `usuario_modifico` int(2) DEFAULT NULL,
  `deleted` int(11) NOT NULL DEFAULT '0'
) ENGINE=InnoDB DEFAULT CHARSET=utf8mb4;

--
-- Volcado de datos para la tabla `ciclos`
--

INSERT INTO `ciclos` (`id`, `nombre`, `estatus`, `fecha_inicio`, `fecha_fin`, `fecha_inicio_excluir`, `fecha_fin_excluir`, `comentarios`, `fecha_creacion`, `fecha_ultimo_cambio`, `usuario_creo`, `usuario_modifico`, `deleted`) VALUES
(1, 'Ciclo 1', 1, '2020-10-01', '2020-10-31', NULL, NULL, 'este es un ciclo de prueba', '2020-10-03 01:03:46', '2020-10-03 09:24:23', 2, 2, 0),
(2, 'Ciclo AAAAeditado', 1, '2020-11-01', '2020-11-30', NULL, NULL, 'este es otro ciclo de prueba', '2020-10-03 01:04:57', '2020-10-02 18:59:46', 2, 2, 0),
(3, 'Ciclo CCeditado', 1, '2021-01-11', '2021-02-05', '2021-01-25', '2021-01-28', 'PRUEBA', '2020-10-03 01:23:26', '2021-01-23 10:37:36', 2, 2, 0),
(4, 'cliclo1gf', 0, '2020-11-10', '2020-11-24', NULL, NULL, 'test ciclo1', '2020-11-10 13:01:36', '2020-11-10 13:49:39', 2, 2, 0),
(5, 'Ciclo de prueba ', 1, '2021-01-06', '2021-02-06', NULL, NULL, 'Esta es una prueba de la creación de un Ciclo', '2021-01-06 16:48:29', '2021-01-06 16:48:29', 2, 2, 0),
(6, 'Ciclo 01-2021 FE', 1, '2021-01-18', '2021-02-15', NULL, NULL, 'Ciclo 01 LM', '2021-01-07 13:39:11', '2021-01-07 13:39:39', 29, 29, 0),
(7, 'Ciclo prueba dsmm', 1, '2021-01-18', '2021-02-14', NULL, NULL, 'Descripcion  dsmm', '2021-01-07 16:15:59', '2021-01-07 16:15:59', 17, 17, 0),
(8, 'Armando', 1, '2021-01-11', '2021-02-07', NULL, NULL, 'aaa', '2021-01-07 17:40:55', '2021-01-07 17:40:55', 2, 2, 0),
(9, 'Ciclo de pruena con dias de ex', 1, '2021-01-08', '2021-01-28', NULL, NULL, 'Prueba', '2021-01-08 11:30:58', '2021-01-08 11:30:58', 2, 2, 0),
(10, 'Ciclo prueb 08 enero', 1, '2021-01-08', '2021-01-28', '2021-01-16', '2021-01-17', 'Este es un ciclo de prueba', '2021-01-08 11:37:51', '2021-01-08 11:37:51', 2, 2, 0),
(11, 'Ciclo de prueba GF 08 enero 20', 1, '2021-01-08', '2021-01-28', '2021-01-16', '2021-01-17', 'Este es un ciclo de prueba con dias de exclusión', '2021-01-08 11:45:06', '2021-01-08 11:45:06', 2, 2, 0),
(12, 'Prueba sin dias de exclusion', 1, '2021-01-08', '2021-01-28', '0000-00-00', '0000-00-00', 'prueba', '2021-01-08 11:57:33', '2021-01-08 11:57:33', 2, 2, 0),
(13, 'Ciclo 01-dsmm', 1, '2021-01-18', '2021-02-14', '0000-00-00', NULL, 'Ciclo 01 prueba dsmm', '2021-01-13 19:10:51', '2021-01-13 19:10:51', 17, 17, 0),
(14, 'DSMM', 1, '2021-01-18', '2021-02-14', '0000-00-00', NULL, 'A', '2021-01-20 13:05:22', '2021-01-20 13:05:22', 17, 17, 0),
(15, 'CICLO 01', 1, '2021-01-18', '2021-02-14', '0000-00-00', NULL, 'A', '2021-01-21 18:04:04', '2021-01-21 18:04:04', 17, 17, 0);

-- --------------------------------------------------------

--
-- Estructura de tabla para la tabla `control_grupos_calificaciones_evaluaciones`
--

CREATE TABLE `control_grupos_calificaciones_evaluaciones` (
  `id` int(11) NOT NULL,
  `id_alumno` int(11) NOT NULL,
  `id_grupo` int(11) NOT NULL,
  `id_curso` int(11) NOT NULL,
  `id_nivel` int(11) NOT NULL,
  `session` int(11) NOT NULL,
  `id_ciclo` int(11) NOT NULL,
  `id_evaluacion` int(11) NOT NULL,
  `calificacion` int(11) NOT NULL,
  `calificaciontotal` int(11) DEFAULT NULL,
  `fecha_creacion` datetime NOT NULL,
  `fecha_ultimo_cambio` datetime NOT NULL,
  `deleted` int(11) NOT NULL DEFAULT '0'
) ENGINE=MyISAM DEFAULT CHARSET=latin1;

--
-- Volcado de datos para la tabla `control_grupos_calificaciones_evaluaciones`
--

INSERT INTO `control_grupos_calificaciones_evaluaciones` (`id`, `id_alumno`, `id_grupo`, `id_curso`, `id_nivel`, `session`, `id_ciclo`, `id_evaluacion`, `calificacion`, `calificaciontotal`, `fecha_creacion`, `fecha_ultimo_cambio`, `deleted`) VALUES
(1, 31, 28, 2, 1, 0, 3, 53, 80, 100, '2021-01-13 18:15:46', '2021-01-13 18:15:46', 0),
(2, 31, 28, 2, 1, 0, 3, 52, 100, 100, '2021-01-13 18:16:22', '2021-01-13 18:16:22', 0),
(3, 31, 28, 2, 1, 0, 3, 51, 80, 100, '2021-01-13 18:16:56', '2021-01-13 18:16:56', 0),
(4, 31, 28, 2, 1, 0, 3, 50, 30, 100, '2021-01-13 18:17:24', '2021-01-13 18:17:24', 0),
(5, 32, 40, 11, 1, 0, 13, 54, 10, 10, '2021-01-13 19:32:31', '2021-01-13 19:32:31', 0),
(6, 36, 44, 13, 1, 0, 15, 58, 100, 100, '2021-01-21 18:21:13', '2021-01-21 18:21:13', 0),
(7, 36, 44, 13, 1, 0, 15, 59, 88, 100, '2021-01-22 12:54:00', '2021-01-22 12:54:00', 0),
(8, 36, 44, 13, 1, 0, 15, 60, 100, 100, '2021-01-22 12:54:21', '2021-01-22 12:54:21', 0),
(9, 36, 44, 13, 1, 0, 15, 61, 80, 100, '2021-01-22 12:55:44', '2021-01-22 12:55:44', 0),
(10, 36, 44, 13, 1, 0, 15, 62, 30, 100, '2021-01-22 12:56:09', '2021-01-22 12:56:09', 0),
(11, 37, 44, 13, 1, 0, 15, 58, 63, 100, '2021-01-22 12:56:55', '2021-01-22 12:56:55', 0),
(12, 36, 44, 13, 1, 0, 15, 63, 95, 100, '2021-01-22 12:57:08', '2021-01-22 12:57:08', 0),
(13, 36, 44, 13, 1, 0, 15, 64, 90, 100, '2021-01-22 12:58:26', '2021-01-22 12:58:26', 0),
(14, 37, 44, 13, 1, 0, 15, 59, 49, 100, '2021-01-22 12:58:45', '2021-01-22 12:58:45', 0),
(15, 36, 44, 13, 1, 0, 15, 65, 100, 100, '2021-01-22 12:59:42', '2021-01-22 12:59:42', 0),
(16, 37, 44, 13, 1, 0, 15, 60, 50, 100, '2021-01-22 12:59:44', '2021-01-22 12:59:44', 0),
(17, 36, 44, 13, 1, 0, 15, 66, 60, 100, '2021-01-22 13:01:50', '2021-01-22 13:01:50', 0),
(18, 37, 44, 13, 1, 0, 15, 61, 30, 100, '2021-01-22 13:01:50', '2021-01-22 13:01:50', 0),
(19, 36, 44, 13, 1, 0, 15, 67, 90, 100, '2021-01-22 13:02:51', '2021-01-22 13:02:51', 0),
(20, 37, 44, 13, 1, 0, 15, 62, 60, 100, '2021-01-22 13:03:21', '2021-01-22 13:03:21', 0),
(21, 37, 44, 13, 1, 0, 15, 63, 40, 100, '2021-01-22 13:04:50', '2021-01-22 13:04:50', 0),
(22, 36, 44, 13, 1, 0, 15, 68, 90, 100, '2021-01-22 13:04:50', '2021-01-22 13:04:50', 0),
(23, 37, 44, 13, 1, 0, 15, 64, 70, 100, '2021-01-22 13:06:36', '2021-01-22 13:06:36', 0),
(24, 37, 44, 13, 1, 0, 15, 65, 70, 100, '2021-01-22 13:08:30', '2021-01-22 13:08:30', 0),
(25, 37, 44, 13, 1, 0, 15, 66, 80, 100, '2021-01-22 13:09:10', '2021-01-22 13:09:10', 0),
(26, 37, 44, 13, 1, 0, 15, 67, 50, 100, '2021-01-22 13:10:26', '2021-01-22 13:10:26', 0),
(27, 37, 44, 13, 1, 0, 15, 68, 30, 100, '2021-01-22 13:12:08', '2021-01-22 13:12:08', 0),
(28, 37, 44, 13, 1, 0, 15, 69, 35, 100, '2021-01-22 13:13:53', '2021-01-22 13:13:53', 0);

-- --------------------------------------------------------

--
-- Estructura de tabla para la tabla `control_respuestas`
--

CREATE TABLE `control_respuestas` (
  `id` int(11) NOT NULL,
  `idalumno` int(11) NOT NULL,
  `idgrupo` int(11) NOT NULL,
  `idevaluacion` int(11) NOT NULL,
  `idpregunta` int(11) DEFAULT NULL,
  `idtipopregunta` int(11) DEFAULT NULL,
  `respuesta` int(2) DEFAULT NULL,
  `fecha_creacion` datetime DEFAULT NULL,
  `fecha_ultimo_cambio` datetime DEFAULT NULL,
  `deleted` int(11) NOT NULL DEFAULT '0'
) ENGINE=MyISAM DEFAULT CHARSET=latin1;

--
-- Volcado de datos para la tabla `control_respuestas`
--

INSERT INTO `control_respuestas` (`id`, `idalumno`, `idgrupo`, `idevaluacion`, `idpregunta`, `idtipopregunta`, `respuesta`, `fecha_creacion`, `fecha_ultimo_cambio`, `deleted`) VALUES
(1, 19, 28, 34, 1, 2, 0, '2020-12-10 18:11:55', '2020-12-10 18:11:55', 0),
(2, 19, 28, 34, 2, 2, 1, '2020-12-10 18:11:55', '2020-12-10 18:11:55', 0),
(3, 19, 28, 34, 3, 2, 1, '2020-12-10 18:11:55', '2020-12-10 18:11:55', 0),
(4, 19, 28, 34, 4, 2, 1, '2020-12-10 18:11:55', '2020-12-10 18:11:55', 0),
(5, 19, 28, 34, 5, 2, 0, '2020-12-10 18:11:55', '2020-12-10 18:11:55', 0),
(6, 19, 28, 34, 6, 2, 1, '2020-12-10 18:11:55', '2020-12-10 18:11:55', 0),
(7, 19, 28, 34, 7, 2, 0, '2020-12-10 18:11:55', '2020-12-10 18:11:55', 0),
(8, 19, 28, 34, 8, 2, 0, '2020-12-10 18:11:55', '2020-12-10 18:11:55', 0),
(9, 19, 28, 34, 9, 2, 1, '2020-12-10 18:11:55', '2020-12-10 18:11:55', 0),
(10, 19, 28, 34, 10, 2, 1, '2020-12-10 18:11:55', '2020-12-10 18:11:55', 0),
(11, 19, 28, 34, 11, 2, 0, '2020-12-10 18:11:55', '2020-12-10 18:11:55', 0),
(12, 19, 28, 34, 12, 2, 0, '2020-12-10 18:11:55', '2020-12-10 18:11:55', 0),
(13, 19, 28, 34, 1, 2, 0, '2020-12-16 12:45:31', '2020-12-16 12:45:31', 0),
(14, 19, 28, 34, 2, 2, 0, '2020-12-16 12:45:31', '2020-12-16 12:45:31', 0),
(15, 19, 28, 34, 3, 2, 1, '2020-12-16 12:45:31', '2020-12-16 12:45:31', 0),
(16, 19, 28, 34, 4, 2, 1, '2020-12-16 12:45:31', '2020-12-16 12:45:31', 0),
(17, 19, 28, 34, 5, 2, 0, '2020-12-16 12:45:31', '2020-12-16 12:45:31', 0),
(18, 19, 28, 34, 6, 2, 0, '2020-12-16 12:45:31', '2020-12-16 12:45:31', 0),
(19, 19, 28, 34, 7, 2, 1, '2020-12-16 12:45:31', '2020-12-16 12:45:31', 0),
(20, 19, 28, 34, 8, 2, 0, '2020-12-16 12:45:31', '2020-12-16 12:45:31', 0),
(21, 19, 28, 34, 9, 2, 1, '2020-12-16 12:45:31', '2020-12-16 12:45:31', 0),
(22, 19, 28, 34, 10, 2, 0, '2020-12-16 12:45:31', '2020-12-16 12:45:31', 0),
(23, 19, 28, 34, 11, 2, 0, '2020-12-16 12:45:31', '2020-12-16 12:45:31', 0),
(24, 19, 28, 34, 12, 2, 0, '2020-12-16 12:45:31', '2020-12-16 12:45:31', 0),
(25, 31, 28, 50, 37, 2, 0, '2021-01-13 17:47:02', '2021-01-13 17:47:02', 0),
(26, 31, 28, 50, 38, 2, 0, '2021-01-13 17:47:02', '2021-01-13 17:47:02', 0),
(27, 31, 28, 50, 39, 2, 1, '2021-01-13 17:47:02', '2021-01-13 17:47:02', 0),
(28, 31, 28, 50, 40, 2, 0, '2021-01-13 17:47:02', '2021-01-13 17:47:02', 0),
(29, 31, 28, 50, 41, 2, 0, '2021-01-13 17:47:02', '2021-01-13 17:47:02', 0),
(30, 31, 28, 50, 42, 2, 0, '2021-01-13 17:47:02', '2021-01-13 17:47:02', 0),
(31, 31, 28, 50, 43, 2, 1, '2021-01-13 17:47:02', '2021-01-13 17:47:02', 0),
(32, 31, 28, 50, 44, 2, 0, '2021-01-13 17:47:02', '2021-01-13 17:47:02', 0),
(33, 31, 28, 50, 45, 2, 1, '2021-01-13 17:47:02', '2021-01-13 17:47:02', 0),
(34, 31, 28, 50, 46, 2, 1, '2021-01-13 17:47:02', '2021-01-13 17:47:02', 0),
(35, 31, 28, 51, 47, 2, 1, '2021-01-13 17:47:24', '2021-01-13 17:47:24', 0),
(36, 31, 28, 51, 48, 2, 1, '2021-01-13 17:47:24', '2021-01-13 17:47:24', 0),
(37, 31, 28, 51, 49, 2, 0, '2021-01-13 17:47:24', '2021-01-13 17:47:24', 0),
(38, 31, 28, 51, 50, 2, 0, '2021-01-13 17:47:24', '2021-01-13 17:47:24', 0),
(39, 31, 28, 51, 51, 2, 0, '2021-01-13 17:47:24', '2021-01-13 17:47:24', 0),
(40, 31, 28, 52, 52, 2, 1, '2021-01-13 17:47:41', '2021-01-13 17:47:41', 0),
(41, 31, 28, 52, 53, 2, 1, '2021-01-13 17:47:41', '2021-01-13 17:47:41', 0),
(42, 31, 28, 52, 54, 2, 1, '2021-01-13 17:47:41', '2021-01-13 17:47:41', 0),
(43, 31, 28, 52, 55, 2, 1, '2021-01-13 17:47:41', '2021-01-13 17:47:41', 0),
(44, 31, 28, 52, 56, 2, 1, '2021-01-13 17:47:41', '2021-01-13 17:47:41', 0),
(45, 31, 28, 53, 57, 2, 1, '2021-01-13 17:48:03', '2021-01-13 17:48:03', 0),
(46, 31, 28, 53, 58, 2, 1, '2021-01-13 17:48:03', '2021-01-13 17:48:03', 0),
(47, 31, 28, 53, 59, 2, 1, '2021-01-13 17:48:03', '2021-01-13 17:48:03', 0),
(48, 31, 28, 53, 60, 2, 1, '2021-01-13 17:48:03', '2021-01-13 17:48:03', 0),
(49, 31, 28, 53, 61, 2, 0, '2021-01-13 17:48:03', '2021-01-13 17:48:03', 0),
(50, 31, 28, 53, 57, 2, 1, '2021-01-13 18:15:46', '2021-01-13 18:15:46', 0),
(51, 31, 28, 53, 58, 2, 1, '2021-01-13 18:15:46', '2021-01-13 18:15:46', 0),
(52, 31, 28, 53, 59, 2, 1, '2021-01-13 18:15:46', '2021-01-13 18:15:46', 0),
(53, 31, 28, 53, 60, 2, 1, '2021-01-13 18:15:46', '2021-01-13 18:15:46', 0),
(54, 31, 28, 53, 61, 2, 0, '2021-01-13 18:15:46', '2021-01-13 18:15:46', 0),
(55, 31, 28, 52, 52, 2, 1, '2021-01-13 18:16:22', '2021-01-13 18:16:22', 0),
(56, 31, 28, 52, 53, 2, 1, '2021-01-13 18:16:22', '2021-01-13 18:16:22', 0),
(57, 31, 28, 52, 54, 2, 1, '2021-01-13 18:16:22', '2021-01-13 18:16:22', 0),
(58, 31, 28, 52, 55, 2, 1, '2021-01-13 18:16:22', '2021-01-13 18:16:22', 0),
(59, 31, 28, 52, 56, 2, 1, '2021-01-13 18:16:22', '2021-01-13 18:16:22', 0),
(60, 31, 28, 51, 47, 2, 0, '2021-01-13 18:16:56', '2021-01-13 18:16:56', 0),
(61, 31, 28, 51, 48, 2, 1, '2021-01-13 18:16:56', '2021-01-13 18:16:56', 0),
(62, 31, 28, 51, 49, 2, 1, '2021-01-13 18:16:56', '2021-01-13 18:16:56', 0),
(63, 31, 28, 51, 50, 2, 1, '2021-01-13 18:16:56', '2021-01-13 18:16:56', 0),
(64, 31, 28, 51, 51, 2, 1, '2021-01-13 18:16:56', '2021-01-13 18:16:56', 0),
(65, 31, 28, 50, 37, 2, 0, '2021-01-13 18:17:24', '2021-01-13 18:17:24', 0),
(66, 31, 28, 50, 38, 2, 0, '2021-01-13 18:17:24', '2021-01-13 18:17:24', 0),
(67, 31, 28, 50, 39, 2, 1, '2021-01-13 18:17:24', '2021-01-13 18:17:24', 0),
(68, 31, 28, 50, 40, 2, 0, '2021-01-13 18:17:24', '2021-01-13 18:17:24', 0),
(69, 31, 28, 50, 41, 2, 0, '2021-01-13 18:17:24', '2021-01-13 18:17:24', 0),
(70, 31, 28, 50, 42, 2, 0, '2021-01-13 18:17:24', '2021-01-13 18:17:24', 0),
(71, 31, 28, 50, 43, 2, 1, '2021-01-13 18:17:24', '2021-01-13 18:17:24', 0),
(72, 31, 28, 50, 44, 2, 1, '2021-01-13 18:17:24', '2021-01-13 18:17:24', 0),
(73, 31, 28, 50, 45, 2, 0, '2021-01-13 18:17:24', '2021-01-13 18:17:24', 0),
(74, 31, 28, 50, 46, 2, 0, '2021-01-13 18:17:24', '2021-01-13 18:17:24', 0),
(75, 32, 40, 54, 62, 2, 1, '2021-01-13 19:32:31', '2021-01-13 19:32:31', 0),
(76, 36, 44, 58, 68, 2, 1, '2021-01-21 18:21:13', '2021-01-21 18:21:13', 0),
(77, 36, 44, 58, 69, 2, 1, '2021-01-21 18:21:13', '2021-01-21 18:21:13', 0),
(78, 36, 44, 58, 70, 2, 1, '2021-01-21 18:21:13', '2021-01-21 18:21:13', 0),
(79, 36, 44, 58, 71, 2, 1, '2021-01-21 18:21:13', '2021-01-21 18:21:13', 0),
(80, 36, 44, 58, 72, 2, 1, '2021-01-21 18:21:13', '2021-01-21 18:21:13', 0),
(81, 36, 44, 58, 73, 2, 1, '2021-01-21 18:21:13', '2021-01-21 18:21:13', 0),
(82, 36, 44, 58, 74, 2, 1, '2021-01-21 18:21:13', '2021-01-21 18:21:13', 0),
(83, 36, 44, 58, 75, 2, 1, '2021-01-21 18:21:13', '2021-01-21 18:21:13', 0),
(84, 36, 44, 59, 78, 2, 0, '2021-01-22 12:54:00', '2021-01-22 12:54:00', 0),
(85, 36, 44, 59, 79, 2, 1, '2021-01-22 12:54:00', '2021-01-22 12:54:00', 0),
(86, 36, 44, 59, 80, 2, 1, '2021-01-22 12:54:00', '2021-01-22 12:54:00', 0),
(87, 36, 44, 59, 81, 2, 1, '2021-01-22 12:54:00', '2021-01-22 12:54:00', 0),
(88, 36, 44, 59, 82, 2, 1, '2021-01-22 12:54:00', '2021-01-22 12:54:00', 0),
(89, 36, 44, 59, 83, 2, 1, '2021-01-22 12:54:00', '2021-01-22 12:54:00', 0),
(90, 36, 44, 59, 84, 2, 1, '2021-01-22 12:54:00', '2021-01-22 12:54:00', 0),
(91, 36, 44, 59, 85, 2, 1, '2021-01-22 12:54:00', '2021-01-22 12:54:00', 0),
(92, 36, 44, 60, 86, 2, 1, '2021-01-22 12:54:21', '2021-01-22 12:54:21', 0),
(93, 36, 44, 60, 87, 2, 1, '2021-01-22 12:54:21', '2021-01-22 12:54:21', 0),
(94, 36, 44, 60, 88, 2, 1, '2021-01-22 12:54:21', '2021-01-22 12:54:21', 0),
(95, 36, 44, 60, 89, 2, 1, '2021-01-22 12:54:21', '2021-01-22 12:54:21', 0),
(96, 36, 44, 61, 90, 2, 1, '2021-01-22 12:55:44', '2021-01-22 12:55:44', 0),
(97, 36, 44, 61, 91, 2, 1, '2021-01-22 12:55:44', '2021-01-22 12:55:44', 0),
(98, 36, 44, 61, 92, 2, 1, '2021-01-22 12:55:44', '2021-01-22 12:55:44', 0),
(99, 36, 44, 61, 93, 2, 1, '2021-01-22 12:55:44', '2021-01-22 12:55:44', 0),
(100, 36, 44, 61, 94, 2, 1, '2021-01-22 12:55:44', '2021-01-22 12:55:44', 0),
(101, 36, 44, 61, 96, 2, 1, '2021-01-22 12:55:44', '2021-01-22 12:55:44', 0),
(102, 36, 44, 61, 97, 2, 1, '2021-01-22 12:55:44', '2021-01-22 12:55:44', 0),
(103, 36, 44, 61, 98, 2, 1, '2021-01-22 12:55:44', '2021-01-22 12:55:44', 0),
(104, 36, 44, 61, 99, 2, 1, '2021-01-22 12:55:44', '2021-01-22 12:55:44', 0),
(105, 36, 44, 61, 100, 2, 0, '2021-01-22 12:55:44', '2021-01-22 12:55:44', 0),
(106, 36, 44, 61, 101, 2, 0, '2021-01-22 12:55:44', '2021-01-22 12:55:44', 0),
(107, 36, 44, 61, 103, 2, 0, '2021-01-22 12:55:44', '2021-01-22 12:55:44', 0),
(108, 36, 44, 62, 105, 2, 0, '2021-01-22 12:56:09', '2021-01-22 12:56:09', 0),
(109, 36, 44, 62, 106, 2, 0, '2021-01-22 12:56:09', '2021-01-22 12:56:09', 0),
(110, 36, 44, 62, 107, 2, 1, '2021-01-22 12:56:09', '2021-01-22 12:56:09', 0),
(111, 36, 44, 62, 108, 2, 0, '2021-01-22 12:56:09', '2021-01-22 12:56:09', 0),
(112, 36, 44, 62, 109, 2, 0, '2021-01-22 12:56:09', '2021-01-22 12:56:09', 0),
(113, 36, 44, 62, 110, 2, 1, '2021-01-22 12:56:09', '2021-01-22 12:56:09', 0),
(114, 36, 44, 62, 111, 2, 0, '2021-01-22 12:56:09', '2021-01-22 12:56:09', 0),
(115, 36, 44, 62, 112, 2, 0, '2021-01-22 12:56:09', '2021-01-22 12:56:09', 0),
(116, 36, 44, 62, 113, 2, 0, '2021-01-22 12:56:09', '2021-01-22 12:56:09', 0),
(117, 36, 44, 62, 114, 2, 1, '2021-01-22 12:56:09', '2021-01-22 12:56:09', 0),
(118, 37, 44, 58, 68, 2, 1, '2021-01-22 12:56:55', '2021-01-22 12:56:55', 0),
(119, 37, 44, 58, 69, 2, 1, '2021-01-22 12:56:55', '2021-01-22 12:56:55', 0),
(120, 37, 44, 58, 70, 2, 0, '2021-01-22 12:56:55', '2021-01-22 12:56:55', 0),
(121, 37, 44, 58, 71, 2, 0, '2021-01-22 12:56:55', '2021-01-22 12:56:55', 0),
(122, 37, 44, 58, 72, 2, 1, '2021-01-22 12:56:55', '2021-01-22 12:56:55', 0),
(123, 37, 44, 58, 73, 2, 1, '2021-01-22 12:56:55', '2021-01-22 12:56:55', 0),
(124, 37, 44, 58, 74, 2, 0, '2021-01-22 12:56:55', '2021-01-22 12:56:55', 0),
(125, 37, 44, 58, 75, 2, 1, '2021-01-22 12:56:55', '2021-01-22 12:56:55', 0),
(126, 36, 44, 63, 183, 2, 1, '2021-01-22 12:57:08', '2021-01-22 12:57:08', 0),
(127, 36, 44, 63, 184, 2, 1, '2021-01-22 12:57:08', '2021-01-22 12:57:08', 0),
(128, 36, 44, 63, 185, 2, 1, '2021-01-22 12:57:08', '2021-01-22 12:57:08', 0),
(129, 36, 44, 63, 186, 2, 1, '2021-01-22 12:57:08', '2021-01-22 12:57:08', 0),
(130, 36, 44, 63, 187, 2, 1, '2021-01-22 12:57:08', '2021-01-22 12:57:08', 0),
(131, 36, 44, 63, 188, 2, 1, '2021-01-22 12:57:08', '2021-01-22 12:57:08', 0),
(132, 36, 44, 63, 189, 2, 1, '2021-01-22 12:57:08', '2021-01-22 12:57:08', 0),
(133, 36, 44, 63, 190, 2, 1, '2021-01-22 12:57:08', '2021-01-22 12:57:08', 0),
(134, 36, 44, 63, 191, 2, 1, '2021-01-22 12:57:08', '2021-01-22 12:57:08', 0),
(135, 36, 44, 63, 192, 2, 1, '2021-01-22 12:57:08', '2021-01-22 12:57:08', 0),
(136, 36, 44, 63, 193, 2, 1, '2021-01-22 12:57:08', '2021-01-22 12:57:08', 0),
(137, 36, 44, 63, 194, 2, 0, '2021-01-22 12:57:08', '2021-01-22 12:57:08', 0),
(138, 36, 44, 63, 196, 2, 1, '2021-01-22 12:57:08', '2021-01-22 12:57:08', 0),
(139, 36, 44, 63, 197, 2, 1, '2021-01-22 12:57:08', '2021-01-22 12:57:08', 0),
(140, 36, 44, 63, 198, 2, 1, '2021-01-22 12:57:08', '2021-01-22 12:57:08', 0),
(141, 36, 44, 64, 124, 2, 1, '2021-01-22 12:58:26', '2021-01-22 12:58:26', 0),
(142, 36, 44, 64, 125, 2, 1, '2021-01-22 12:58:26', '2021-01-22 12:58:26', 0),
(143, 36, 44, 64, 126, 2, 1, '2021-01-22 12:58:26', '2021-01-22 12:58:26', 0),
(144, 36, 44, 64, 127, 2, 1, '2021-01-22 12:58:26', '2021-01-22 12:58:26', 0),
(145, 36, 44, 64, 128, 2, 1, '2021-01-22 12:58:26', '2021-01-22 12:58:26', 0),
(146, 36, 44, 64, 129, 2, 1, '2021-01-22 12:58:26', '2021-01-22 12:58:26', 0),
(147, 36, 44, 64, 130, 2, 0, '2021-01-22 12:58:26', '2021-01-22 12:58:26', 0),
(148, 36, 44, 64, 131, 2, 1, '2021-01-22 12:58:26', '2021-01-22 12:58:26', 0),
(149, 36, 44, 64, 132, 2, 1, '2021-01-22 12:58:26', '2021-01-22 12:58:26', 0),
(150, 36, 44, 64, 133, 2, 1, '2021-01-22 12:58:26', '2021-01-22 12:58:26', 0),
(151, 37, 44, 59, 78, 2, 0, '2021-01-22 12:58:45', '2021-01-22 12:58:45', 0),
(152, 37, 44, 59, 79, 2, 1, '2021-01-22 12:58:45', '2021-01-22 12:58:45', 0),
(153, 37, 44, 59, 80, 2, 1, '2021-01-22 12:58:45', '2021-01-22 12:58:45', 0),
(154, 37, 44, 59, 81, 2, 1, '2021-01-22 12:58:45', '2021-01-22 12:58:45', 0),
(155, 37, 44, 59, 82, 2, 0, '2021-01-22 12:58:45', '2021-01-22 12:58:45', 0),
(156, 37, 44, 59, 83, 2, 0, '2021-01-22 12:58:45', '2021-01-22 12:58:45', 0),
(157, 37, 44, 59, 84, 2, 0, '2021-01-22 12:58:45', '2021-01-22 12:58:45', 0),
(158, 37, 44, 59, 85, 2, 1, '2021-01-22 12:58:45', '2021-01-22 12:58:45', 0),
(159, 36, 44, 65, 142, 2, 1, '2021-01-22 12:59:42', '2021-01-22 12:59:42', 0),
(160, 36, 44, 65, 143, 2, 1, '2021-01-22 12:59:42', '2021-01-22 12:59:42', 0),
(161, 36, 44, 65, 144, 2, 1, '2021-01-22 12:59:42', '2021-01-22 12:59:42', 0),
(162, 36, 44, 65, 145, 2, 1, '2021-01-22 12:59:42', '2021-01-22 12:59:42', 0),
(163, 36, 44, 65, 146, 2, 1, '2021-01-22 12:59:42', '2021-01-22 12:59:42', 0),
(164, 36, 44, 65, 147, 2, 1, '2021-01-22 12:59:42', '2021-01-22 12:59:42', 0),
(165, 36, 44, 65, 148, 2, 1, '2021-01-22 12:59:42', '2021-01-22 12:59:42', 0),
(166, 36, 44, 65, 149, 2, 1, '2021-01-22 12:59:42', '2021-01-22 12:59:42', 0),
(167, 36, 44, 65, 150, 2, 1, '2021-01-22 12:59:42', '2021-01-22 12:59:42', 0),
(168, 36, 44, 65, 151, 2, 1, '2021-01-22 12:59:42', '2021-01-22 12:59:42', 0),
(169, 37, 44, 60, 86, 2, 0, '2021-01-22 12:59:44', '2021-01-22 12:59:44', 0),
(170, 37, 44, 60, 87, 2, 0, '2021-01-22 12:59:44', '2021-01-22 12:59:44', 0),
(171, 37, 44, 60, 88, 2, 1, '2021-01-22 12:59:44', '2021-01-22 12:59:44', 0),
(172, 37, 44, 60, 89, 2, 1, '2021-01-22 12:59:44', '2021-01-22 12:59:44', 0),
(173, 36, 44, 66, 199, 2, 1, '2021-01-22 13:01:50', '2021-01-22 13:01:50', 0),
(174, 37, 44, 61, 90, 2, 0, '2021-01-22 13:01:50', '2021-01-22 13:01:50', 0),
(175, 36, 44, 66, 200, 2, 0, '2021-01-22 13:01:50', '2021-01-22 13:01:50', 0),
(176, 37, 44, 61, 91, 2, 1, '2021-01-22 13:01:50', '2021-01-22 13:01:50', 0),
(177, 36, 44, 66, 201, 2, 1, '2021-01-22 13:01:50', '2021-01-22 13:01:50', 0),
(178, 37, 44, 61, 92, 2, 0, '2021-01-22 13:01:50', '2021-01-22 13:01:50', 0),
(179, 36, 44, 66, 202, 2, 0, '2021-01-22 13:01:50', '2021-01-22 13:01:50', 0),
(180, 37, 44, 61, 93, 2, 0, '2021-01-22 13:01:50', '2021-01-22 13:01:50', 0),
(181, 36, 44, 66, 203, 2, 1, '2021-01-22 13:01:50', '2021-01-22 13:01:50', 0),
(182, 37, 44, 61, 94, 2, 0, '2021-01-22 13:01:50', '2021-01-22 13:01:50', 0),
(183, 37, 44, 61, 96, 2, 0, '2021-01-22 13:01:50', '2021-01-22 13:01:50', 0),
(184, 37, 44, 61, 97, 2, 0, '2021-01-22 13:01:50', '2021-01-22 13:01:50', 0),
(185, 37, 44, 61, 98, 2, 0, '2021-01-22 13:01:50', '2021-01-22 13:01:50', 0),
(186, 37, 44, 61, 99, 2, 1, '2021-01-22 13:01:50', '2021-01-22 13:01:50', 0),
(187, 37, 44, 61, 100, 2, 1, '2021-01-22 13:01:50', '2021-01-22 13:01:50', 0),
(188, 37, 44, 61, 101, 2, 0, '2021-01-22 13:01:50', '2021-01-22 13:01:50', 0),
(189, 37, 44, 61, 103, 2, 0, '2021-01-22 13:01:50', '2021-01-22 13:01:50', 0),
(190, 36, 44, 67, 157, 2, 1, '2021-01-22 13:02:51', '2021-01-22 13:02:51', 0),
(191, 36, 44, 67, 159, 2, 1, '2021-01-22 13:02:51', '2021-01-22 13:02:51', 0),
(192, 36, 44, 67, 160, 2, 1, '2021-01-22 13:02:51', '2021-01-22 13:02:51', 0),
(193, 36, 44, 67, 161, 2, 1, '2021-01-22 13:02:51', '2021-01-22 13:02:51', 0),
(194, 36, 44, 67, 162, 2, 1, '2021-01-22 13:02:51', '2021-01-22 13:02:51', 0),
(195, 36, 44, 67, 163, 2, 1, '2021-01-22 13:02:51', '2021-01-22 13:02:51', 0),
(196, 36, 44, 67, 164, 2, 1, '2021-01-22 13:02:51', '2021-01-22 13:02:51', 0),
(197, 36, 44, 67, 165, 2, 0, '2021-01-22 13:02:51', '2021-01-22 13:02:51', 0),
(198, 36, 44, 67, 166, 2, 1, '2021-01-22 13:02:51', '2021-01-22 13:02:51', 0),
(199, 36, 44, 67, 167, 2, 1, '2021-01-22 13:02:51', '2021-01-22 13:02:51', 0),
(200, 37, 44, 62, 105, 2, 1, '2021-01-22 13:03:21', '2021-01-22 13:03:21', 0),
(201, 37, 44, 62, 106, 2, 1, '2021-01-22 13:03:21', '2021-01-22 13:03:21', 0),
(202, 37, 44, 62, 107, 2, 1, '2021-01-22 13:03:21', '2021-01-22 13:03:21', 0),
(203, 37, 44, 62, 108, 2, 1, '2021-01-22 13:03:21', '2021-01-22 13:03:21', 0),
(204, 37, 44, 62, 109, 2, 1, '2021-01-22 13:03:21', '2021-01-22 13:03:21', 0),
(205, 37, 44, 62, 110, 2, 1, '2021-01-22 13:03:21', '2021-01-22 13:03:21', 0),
(206, 37, 44, 62, 111, 2, 0, '2021-01-22 13:03:21', '2021-01-22 13:03:21', 0),
(207, 37, 44, 62, 112, 2, 0, '2021-01-22 13:03:21', '2021-01-22 13:03:21', 0),
(208, 37, 44, 62, 113, 2, 0, '2021-01-22 13:03:21', '2021-01-22 13:03:21', 0),
(209, 37, 44, 62, 114, 2, 0, '2021-01-22 13:03:21', '2021-01-22 13:03:21', 0),
(210, 37, 44, 63, 183, 2, 0, '2021-01-22 13:04:50', '2021-01-22 13:04:50', 0),
(211, 37, 44, 63, 184, 2, 0, '2021-01-22 13:04:50', '2021-01-22 13:04:50', 0),
(212, 37, 44, 63, 185, 2, 1, '2021-01-22 13:04:50', '2021-01-22 13:04:50', 0),
(213, 37, 44, 63, 186, 2, 1, '2021-01-22 13:04:50', '2021-01-22 13:04:50', 0),
(214, 37, 44, 63, 187, 2, 0, '2021-01-22 13:04:50', '2021-01-22 13:04:50', 0),
(215, 37, 44, 63, 188, 2, 1, '2021-01-22 13:04:50', '2021-01-22 13:04:50', 0),
(216, 37, 44, 63, 189, 2, 0, '2021-01-22 13:04:50', '2021-01-22 13:04:50', 0),
(217, 37, 44, 63, 190, 2, 0, '2021-01-22 13:04:50', '2021-01-22 13:04:50', 0),
(218, 37, 44, 63, 191, 2, 0, '2021-01-22 13:04:50', '2021-01-22 13:04:50', 0),
(219, 37, 44, 63, 192, 2, 1, '2021-01-22 13:04:50', '2021-01-22 13:04:50', 0),
(220, 37, 44, 63, 193, 2, 0, '2021-01-22 13:04:50', '2021-01-22 13:04:50', 0),
(221, 37, 44, 63, 194, 2, 1, '2021-01-22 13:04:50', '2021-01-22 13:04:50', 0),
(222, 37, 44, 63, 196, 2, 1, '2021-01-22 13:04:50', '2021-01-22 13:04:50', 0),
(223, 37, 44, 63, 197, 2, 0, '2021-01-22 13:04:50', '2021-01-22 13:04:50', 0),
(224, 37, 44, 63, 198, 2, 0, '2021-01-22 13:04:50', '2021-01-22 13:04:50', 0),
(225, 36, 44, 68, 204, 2, 1, '2021-01-22 13:04:50', '2021-01-22 13:04:50', 0),
(226, 36, 44, 68, 205, 2, 1, '2021-01-22 13:04:50', '2021-01-22 13:04:50', 0),
(227, 36, 44, 68, 206, 2, 1, '2021-01-22 13:04:50', '2021-01-22 13:04:50', 0),
(228, 36, 44, 68, 207, 2, 1, '2021-01-22 13:04:50', '2021-01-22 13:04:50', 0),
(229, 36, 44, 68, 208, 2, 1, '2021-01-22 13:04:50', '2021-01-22 13:04:50', 0),
(230, 36, 44, 68, 209, 2, 1, '2021-01-22 13:04:50', '2021-01-22 13:04:50', 0),
(231, 36, 44, 68, 210, 2, 1, '2021-01-22 13:04:50', '2021-01-22 13:04:50', 0),
(232, 36, 44, 68, 211, 2, 1, '2021-01-22 13:04:50', '2021-01-22 13:04:50', 0),
(233, 36, 44, 68, 212, 2, 1, '2021-01-22 13:04:50', '2021-01-22 13:04:50', 0),
(234, 36, 44, 68, 213, 2, 0, '2021-01-22 13:04:50', '2021-01-22 13:04:50', 0),
(235, 37, 44, 64, 124, 2, 0, '2021-01-22 13:06:36', '2021-01-22 13:06:36', 0),
(236, 37, 44, 64, 125, 2, 1, '2021-01-22 13:06:36', '2021-01-22 13:06:36', 0),
(237, 37, 44, 64, 126, 2, 1, '2021-01-22 13:06:36', '2021-01-22 13:06:36', 0),
(238, 37, 44, 64, 127, 2, 1, '2021-01-22 13:06:36', '2021-01-22 13:06:36', 0),
(239, 37, 44, 64, 128, 2, 0, '2021-01-22 13:06:36', '2021-01-22 13:06:36', 0),
(240, 37, 44, 64, 129, 2, 1, '2021-01-22 13:06:36', '2021-01-22 13:06:36', 0),
(241, 37, 44, 64, 130, 2, 0, '2021-01-22 13:06:36', '2021-01-22 13:06:36', 0),
(242, 37, 44, 64, 131, 2, 1, '2021-01-22 13:06:36', '2021-01-22 13:06:36', 0),
(243, 37, 44, 64, 132, 2, 1, '2021-01-22 13:06:36', '2021-01-22 13:06:36', 0),
(244, 37, 44, 64, 133, 2, 1, '2021-01-22 13:06:36', '2021-01-22 13:06:36', 0),
(245, 37, 44, 65, 142, 2, 1, '2021-01-22 13:08:30', '2021-01-22 13:08:30', 0),
(246, 37, 44, 65, 143, 2, 1, '2021-01-22 13:08:30', '2021-01-22 13:08:30', 0),
(247, 37, 44, 65, 144, 2, 0, '2021-01-22 13:08:30', '2021-01-22 13:08:30', 0),
(248, 37, 44, 65, 145, 2, 0, '2021-01-22 13:08:30', '2021-01-22 13:08:30', 0),
(249, 37, 44, 65, 146, 2, 0, '2021-01-22 13:08:30', '2021-01-22 13:08:30', 0),
(250, 37, 44, 65, 147, 2, 1, '2021-01-22 13:08:30', '2021-01-22 13:08:30', 0),
(251, 37, 44, 65, 148, 2, 1, '2021-01-22 13:08:30', '2021-01-22 13:08:30', 0),
(252, 37, 44, 65, 149, 2, 1, '2021-01-22 13:08:30', '2021-01-22 13:08:30', 0),
(253, 37, 44, 65, 150, 2, 1, '2021-01-22 13:08:30', '2021-01-22 13:08:30', 0),
(254, 37, 44, 65, 151, 2, 1, '2021-01-22 13:08:30', '2021-01-22 13:08:30', 0),
(255, 37, 44, 66, 199, 2, 1, '2021-01-22 13:09:10', '2021-01-22 13:09:10', 0),
(256, 37, 44, 66, 200, 2, 1, '2021-01-22 13:09:10', '2021-01-22 13:09:10', 0),
(257, 37, 44, 66, 201, 2, 1, '2021-01-22 13:09:10', '2021-01-22 13:09:10', 0),
(258, 37, 44, 66, 202, 2, 0, '2021-01-22 13:09:10', '2021-01-22 13:09:10', 0),
(259, 37, 44, 66, 203, 2, 1, '2021-01-22 13:09:10', '2021-01-22 13:09:10', 0),
(260, 37, 44, 67, 157, 2, 1, '2021-01-22 13:10:26', '2021-01-22 13:10:26', 0),
(261, 37, 44, 67, 159, 2, 1, '2021-01-22 13:10:26', '2021-01-22 13:10:26', 0),
(262, 37, 44, 67, 160, 2, 1, '2021-01-22 13:10:26', '2021-01-22 13:10:26', 0),
(263, 37, 44, 67, 161, 2, 1, '2021-01-22 13:10:26', '2021-01-22 13:10:26', 0),
(264, 37, 44, 67, 162, 2, 0, '2021-01-22 13:10:26', '2021-01-22 13:10:26', 0),
(265, 37, 44, 67, 163, 2, 0, '2021-01-22 13:10:26', '2021-01-22 13:10:26', 0),
(266, 37, 44, 67, 164, 2, 1, '2021-01-22 13:10:26', '2021-01-22 13:10:26', 0),
(267, 37, 44, 67, 165, 2, 0, '2021-01-22 13:10:26', '2021-01-22 13:10:26', 0),
(268, 37, 44, 67, 166, 2, 0, '2021-01-22 13:10:26', '2021-01-22 13:10:26', 0),
(269, 37, 44, 67, 167, 2, 0, '2021-01-22 13:10:26', '2021-01-22 13:10:26', 0),
(270, 37, 44, 68, 204, 2, 0, '2021-01-22 13:12:08', '2021-01-22 13:12:08', 0),
(271, 37, 44, 68, 205, 2, 0, '2021-01-22 13:12:08', '2021-01-22 13:12:08', 0),
(272, 37, 44, 68, 206, 2, 1, '2021-01-22 13:12:08', '2021-01-22 13:12:08', 0),
(273, 37, 44, 68, 207, 2, 0, '2021-01-22 13:12:08', '2021-01-22 13:12:08', 0),
(274, 37, 44, 68, 208, 2, 0, '2021-01-22 13:12:08', '2021-01-22 13:12:08', 0),
(275, 37, 44, 68, 209, 2, 0, '2021-01-22 13:12:08', '2021-01-22 13:12:08', 0),
(276, 37, 44, 68, 210, 2, 0, '2021-01-22 13:12:08', '2021-01-22 13:12:08', 0),
(277, 37, 44, 68, 211, 2, 1, '2021-01-22 13:12:08', '2021-01-22 13:12:08', 0),
(278, 37, 44, 68, 212, 2, 1, '2021-01-22 13:12:08', '2021-01-22 13:12:08', 0),
(279, 37, 44, 68, 213, 2, 0, '2021-01-22 13:12:08', '2021-01-22 13:12:08', 0),
(280, 37, 44, 69, 215, 2, 0, '2021-01-22 13:13:53', '2021-01-22 13:13:53', 0),
(281, 37, 44, 69, 216, 2, 0, '2021-01-22 13:13:53', '2021-01-22 13:13:53', 0),
(282, 37, 44, 69, 217, 2, 1, '2021-01-22 13:13:53', '2021-01-22 13:13:53', 0),
(283, 37, 44, 69, 218, 2, 0, '2021-01-22 13:13:53', '2021-01-22 13:13:53', 0),
(284, 37, 44, 69, 219, 2, 0, '2021-01-22 13:13:53', '2021-01-22 13:13:53', 0),
(285, 37, 44, 69, 220, 2, 0, '2021-01-22 13:13:53', '2021-01-22 13:13:53', 0),
(286, 37, 44, 69, 221, 2, 0, '2021-01-22 13:13:53', '2021-01-22 13:13:53', 0),
(287, 37, 44, 69, 222, 2, 0, '2021-01-22 13:13:53', '2021-01-22 13:13:53', 0),
(288, 37, 44, 69, 223, 2, 1, '2021-01-22 13:13:53', '2021-01-22 13:13:53', 0),
(289, 37, 44, 69, 224, 2, 0, '2021-01-22 13:13:53', '2021-01-22 13:13:53', 0),
(290, 37, 44, 69, 225, 2, 0, '2021-01-22 13:13:53', '2021-01-22 13:13:53', 0),
(291, 37, 44, 69, 226, 2, 0, '2021-01-22 13:13:53', '2021-01-22 13:13:53', 0),
(292, 37, 44, 69, 227, 2, 1, '2021-01-22 13:13:53', '2021-01-22 13:13:53', 0),
(293, 37, 44, 69, 228, 2, 0, '2021-01-22 13:13:53', '2021-01-22 13:13:53', 0),
(294, 37, 44, 69, 229, 2, 1, '2021-01-22 13:13:53', '2021-01-22 13:13:53', 0),
(295, 37, 44, 69, 230, 2, 0, '2021-01-22 13:13:53', '2021-01-22 13:13:53', 0),
(296, 37, 44, 69, 231, 2, 0, '2021-01-22 13:13:53', '2021-01-22 13:13:53', 0),
(297, 37, 44, 69, 232, 2, 0, '2021-01-22 13:13:53', '2021-01-22 13:13:53', 0),
(298, 37, 44, 69, 233, 2, 0, '2021-01-22 13:13:53', '2021-01-22 13:13:53', 0),
(299, 37, 44, 69, 234, 2, 0, '2021-01-22 13:13:53', '2021-01-22 13:13:53', 0),
(300, 37, 44, 69, 235, 2, 1, '2021-01-22 13:13:53', '2021-01-22 13:13:53', 0),
(301, 37, 44, 69, 236, 2, 0, '2021-01-22 13:13:53', '2021-01-22 13:13:53', 0),
(302, 37, 44, 69, 237, 2, 0, '2021-01-22 13:13:53', '2021-01-22 13:13:53', 0),
(303, 37, 44, 69, 238, 2, 1, '2021-01-22 13:13:53', '2021-01-22 13:13:53', 0),
(304, 37, 44, 69, 239, 2, 1, '2021-01-22 13:13:53', '2021-01-22 13:13:53', 0),
(305, 37, 44, 69, 240, 2, 1, '2021-01-22 13:13:53', '2021-01-22 13:13:53', 0),
(306, 37, 44, 69, 241, 2, 1, '2021-01-22 13:13:53', '2021-01-22 13:13:53', 0),
(307, 37, 44, 69, 242, 2, 1, '2021-01-22 13:13:53', '2021-01-22 13:13:53', 0),
(308, 37, 44, 69, 243, 2, 1, '2021-01-22 13:13:53', '2021-01-22 13:13:53', 0),
(309, 37, 44, 69, 244, 2, 0, '2021-01-22 13:13:53', '2021-01-22 13:13:53', 0);

-- --------------------------------------------------------

--
-- Estructura de tabla para la tabla `cursos`
--

CREATE TABLE `cursos` (
  `id` int(11) NOT NULL,
  `nombre` varchar(60) NOT NULL,
  `num_niveles` int(5) NOT NULL,
  `total_dias_laborales` int(11) DEFAULT NULL,
  `id_frecuencia` int(11) NOT NULL,
  `num_examenes` int(11) NOT NULL,
  `num_ejercicios` int(11) NOT NULL,
  `valor_asistencia` int(11) NOT NULL,
  `valor_ejercicios` int(11) NOT NULL,
  `valor_examenes` int(11) NOT NULL,
  `precio` varchar(11) NOT NULL,
  `precio_por_nivel` varchar(11) NOT NULL,
  `fecha_creacion` datetime NOT NULL,
  `fecha_ultimo_cambio` datetime NOT NULL DEFAULT CURRENT_TIMESTAMP,
  `estatus` int(2) NOT NULL,
  `deleted` int(2) NOT NULL
) ENGINE=InnoDB DEFAULT CHARSET=latin1;

--
-- Volcado de datos para la tabla `cursos`
--

INSERT INTO `cursos` (`id`, `nombre`, `num_niveles`, `total_dias_laborales`, `id_frecuencia`, `num_examenes`, `num_ejercicios`, `valor_asistencia`, `valor_ejercicios`, `valor_examenes`, `precio`, `precio_por_nivel`, `fecha_creacion`, `fecha_ultimo_cambio`, `estatus`, `deleted`) VALUES
(1, 'Curso de prueba', 4, 5, 1, 0, 0, 0, 0, 1600, '1600', '1700', '2020-11-11 16:16:07', '2020-11-11 16:16:22', 1, 0),
(2, 'Curso xyz', 2, 20, 1, 2, 2, 40, 30, 30, '1600', '16000', '2020-12-03 17:26:39', '2020-12-03 17:26:39', 1, 0),
(3, 'Curso 123', 3, 5, 1, 0, 0, 0, 0, 0, '1600', '16000', '2020-12-03 17:27:16', '2020-12-03 17:27:16', 1, 0),
(4, 'Curso Diciembre 2020', 4, 5, 1, 0, 0, 0, 0, 0, '1600', '16000', '2020-12-03 17:28:10', '2020-12-03 17:28:10', 1, 0),
(5, 'curso dsmm ', 14, 5, 1, 0, 0, 0, 0, 0, '', '1400', '2020-12-12 14:56:30', '2020-12-12 14:56:30', 1, 0),
(6, 'Prueba', 4, 20, 1, 10, 10, 1000, 1000, 1000, '', '', '2021-01-04 15:51:42', '2021-01-04 15:51:42', 1, 0),
(7, 'Curso de prueba enero 2021', 4, 20, 4, 5, 5, 1000, 1000, 1000, '', '', '2021-01-06 16:51:40', '2021-01-06 16:51:40', 1, 0),
(8, 'NIVEL 1', 14, 20, 7, 2, 18, 30, 20, 50, '', '', '2021-01-07 14:19:49', '2021-01-07 14:19:49', 1, 0),
(9, 'preba dsmm', 14, 12, 8, 2, 10, 20, 30, 50, '', '', '2021-01-07 17:10:00', '2021-01-07 17:10:00', 1, 0),
(10, 'Armando', 14, 20, 7, 2, 18, 30, 20, 50, '', '', '2021-01-07 17:41:53', '2021-01-07 17:41:53', 1, 0),
(11, 'DSMM-INTENSIVO', 14, 20, 8, 2, 18, 20, 30, 50, '', '', '2021-01-13 19:13:32', '2021-01-13 19:13:32', 1, 0),
(12, 'Terciado dsmm curso', 14, 12, 10, 2, 10, 20, 30, 50, '', '', '2021-01-20 13:12:29', '2021-01-20 13:12:29', 1, 0),
(13, 'INBI online (lunes, miércoles y viernes)', 14, 12, 11, 2, 10, 30, 20, 50, '', '', '2021-01-21 11:40:44', '2021-01-21 11:40:44', 1, 0);

-- --------------------------------------------------------

--
-- Estructura de tabla para la tabla `direcciones`
--

CREATE TABLE `direcciones` (
  `id` int(11) NOT NULL,
  `calle` varchar(35) NOT NULL,
  `numero_interior` varchar(5) NOT NULL,
  `numero_exterior` varchar(5) NOT NULL,
  `colonia` varchar(35) NOT NULL,
  `codigo_postal` int(11) NOT NULL,
  `municipio_delegacion` varchar(100) NOT NULL,
  `id_entidad_federativa` int(5) NOT NULL,
  `id_pais` int(11) NOT NULL,
  `fecha_creacion` datetime NOT NULL,
  `fecha_ultimo_cambio` datetime NOT NULL DEFAULT CURRENT_TIMESTAMP,
  `deleted` int(2) NOT NULL
) ENGINE=InnoDB DEFAULT CHARSET=latin1;

--
-- Volcado de datos para la tabla `direcciones`
--

INSERT INTO `direcciones` (`id`, `calle`, `numero_interior`, `numero_exterior`, `colonia`, `codigo_postal`, `municipio_delegacion`, `id_entidad_federativa`, `id_pais`, `fecha_creacion`, `fecha_ultimo_cambio`, `deleted`) VALUES
(1, 'Fco', '', '14', 'Las', 64000, 'San', 19, 35, '2020-11-06 10:57:38', '2020-11-09 15:36:42', 0),
(2, 'ccccccc', '14', '', 'las puentes', 66400, 'san nicolas', 19, 35, '2020-11-09 18:59:30', '2020-11-09 18:59:30', 0),
(3, 'Fco sss', '14', '', 'las puentes', 79990, 'san nicolas', 24, 35, '2020-11-10 10:19:44', '2020-11-10 10:19:44', 0),
(4, 'asafas', 'dasda', 'dsada', 'asdasdas', 0, 'asdasdasd', 19, 35, '2020-11-10 10:40:04', '2020-11-10 10:41:35', 2020),
(5, 'pico', '', '10', 'las', 66780, 'san', 19, 35, '2020-11-10 10:46:49', '2020-11-10 10:47:19', 2020),
(6, 'Fco sss', '14', '10', 'ggggggg', 79990, 'san nicolas', 24, 35, '2020-11-10 10:50:08', '2020-11-10 10:50:08', 0),
(7, 'Fco sss', '14', '10', 'las puentes', 79990, 'san nicolas', 24, 30, '2020-11-26 15:43:41', '2020-11-26 15:43:41', 0),
(8, 'pico bolivar', '14', '12', 'las puentes', 72890, 'Chicontepec', 30, 35, '2020-11-26 16:00:07', '2020-11-26 16:00:07', 0),
(9, 'fco villa', '', '12', 'el progreso', 74646, 'Chicontepec', 30, 35, '2020-11-26 16:01:42', '2020-11-26 16:01:42', 0),
(10, 'Fco sss', '', '34', 'Centro', 84747, 'Chicontepec', 30, 35, '2020-11-26 16:03:01', '2020-11-26 16:03:01', 0),
(11, 'emiliano zapata', '', '114', 'chapultepec', 737373, 'Chicontepec', 30, 35, '2020-11-26 16:05:12', '2020-11-26 16:05:12', 0),
(12, 'fco villa', '', '7', 'las palmas', 84848, 'Chicontepec', 30, 35, '2020-11-26 16:06:39', '2020-11-26 16:06:39', 0),
(13, 'lazaro cardenas', '', '34', 'centro', 64646, 'San Nicolas', 19, 35, '2020-11-26 16:08:25', '2020-11-26 16:08:25', 0),
(14, 'mariano', '', '72', 'San', 73736, 'Tamazunchale', 24, 35, '2020-11-26 16:09:54', '2020-12-12 09:43:31', 0),
(15, 'san francico', '', '62', 'cerro de la silla', 88388, 'Guadalupe', 19, 35, '2020-11-26 16:11:38', '2020-11-26 16:11:38', 0),
(16, '', '', '', '', 0, '', 19, 35, '2020-12-12 15:13:06', '2020-12-12 15:13:06', 0),
(17, '', '', '', '', 0, '', 19, 35, '2020-12-12 15:14:59', '2020-12-12 15:14:59', 0),
(18, 'Castelar', '', '301', 'San Pablo', 66548, 'Apodaca', 19, 35, '2021-01-07 17:36:06', '2021-01-07 17:36:06', 0),
(19, 'pico bolivar', '', '23', 'el progreso', 76345, 'Chicontepec', 30, 35, '2021-01-09 11:39:08', '2021-01-09 11:39:08', 0),
(20, '', '', '', '', 0, '', 19, 35, '2021-01-13 19:30:13', '2021-01-13 19:30:13', 0),
(21, 'Belisario Dominguez', '', '45', 'Centro', 64990, 'Chicontepec', 30, 35, '2021-01-18 12:10:54', '2021-01-18 12:10:54', 2021),
(22, 'Belisario Dominguez', '', '12', '', 64780, 'Chicontepec', 30, 35, '2021-01-18 12:29:53', '2021-01-18 12:29:53', 0),
(23, '', '', '', '', 0, '', 19, 35, '2021-01-21 18:08:50', '2021-01-21 18:08:50', 0),
(24, '', '', '', '', 0, '', 19, 35, '2021-01-21 18:09:47', '2021-01-21 18:09:47', 0),
(25, '', '', '', '', 0, '', 19, 35, '2021-01-21 18:11:02', '2021-01-21 18:11:02', 0),
(26, 'casa verde', '', '234', 'Joyas', 66654, 'Apodaca', 19, 35, '2021-01-22 12:14:06', '2021-01-22 12:14:06', 0),
(27, 'Casa azu', '', '321', 'Los portales', 66643, 'San Nicolas', 19, 35, '2021-01-22 13:05:27', '2021-01-22 13:05:27', 0),
(28, 'casa verde', '', '1212', '', 33322, 'San nicolas', 19, 35, '2021-01-23 12:12:36', '2021-01-23 12:12:36', 0);

-- --------------------------------------------------------

--
-- Estructura de tabla para la tabla `empleados`
--

CREATE TABLE `empleados` (
  `id` int(11) NOT NULL,
  `id_usuario` int(11) NOT NULL,
  `puesto` varchar(60) NOT NULL,
  `id_plantel` int(11) NOT NULL,
  `id_usuario_reporta` int(11) NOT NULL,
  `deleted` int(11) NOT NULL DEFAULT '0'
) ENGINE=InnoDB DEFAULT CHARSET=latin1;

-- --------------------------------------------------------

--
-- Estructura de tabla para la tabla `entidades_federativas`
--

CREATE TABLE `entidades_federativas` (
  `id` int(11) NOT NULL,
  `nombre` varchar(35) NOT NULL,
  `fecha_creacion` datetime NOT NULL,
  `fecha_ultimo_cambio` datetime NOT NULL DEFAULT CURRENT_TIMESTAMP,
  `deleted` int(2) NOT NULL
) ENGINE=MyISAM DEFAULT CHARSET=latin1;

--
-- Volcado de datos para la tabla `entidades_federativas`
--

INSERT INTO `entidades_federativas` (`id`, `nombre`, `fecha_creacion`, `fecha_ultimo_cambio`, `deleted`) VALUES
(1, 'Aguascalientes', '2020-11-05 15:42:51', '2020-11-05 15:42:51', 0),
(2, 'Baja California', '2020-11-05 15:42:51', '2020-11-05 15:42:51', 0),
(3, 'Baja California Sur', '2020-11-05 15:42:51', '2020-11-05 15:42:51', 0),
(4, 'Campeche', '2020-11-05 15:42:51', '2020-11-05 15:42:51', 0),
(5, 'Coahuila', '2020-11-05 15:42:51', '2020-11-05 15:42:51', 0),
(6, 'Colima', '2020-11-05 15:42:51', '2020-11-05 15:42:51', 0),
(7, 'Chiapas', '2020-11-05 15:42:51', '2020-11-05 15:42:51', 0),
(8, 'Chihuahua', '2020-11-05 15:42:51', '2020-11-05 15:42:51', 0),
(9, 'Distrito Federal', '2020-11-05 15:42:51', '2020-11-05 15:42:51', 0),
(10, 'Durango', '2020-11-05 15:42:51', '2020-11-05 15:42:51', 0),
(11, 'Guanajuato', '2020-11-05 15:42:51', '2020-11-05 15:42:51', 0),
(12, 'Guerrero', '2020-11-05 15:42:51', '2020-11-05 15:42:51', 0),
(13, 'Hidalgo', '2020-11-05 15:42:51', '2020-11-05 15:42:51', 0),
(14, 'Jalisco', '2020-11-05 15:42:51', '2020-11-05 15:42:51', 0),
(15, 'México', '2020-11-05 15:42:51', '2020-11-05 15:42:51', 0),
(16, 'Michoacán', '2020-11-05 15:42:51', '2020-11-05 15:42:51', 0),
(17, 'Morelos', '2020-11-05 15:42:51', '2020-11-05 15:42:51', 0),
(18, 'Nayarit', '2020-11-05 15:42:51', '2020-11-05 15:42:51', 0),
(19, 'Nuevo León', '2020-11-05 15:42:51', '2020-11-05 15:42:51', 0),
(20, 'Oaxaca', '2020-11-05 15:42:51', '2020-11-05 15:42:51', 0),
(21, 'Puebla', '2020-11-05 15:42:51', '2020-11-05 15:42:51', 0),
(22, 'Querétaro', '2020-11-05 15:42:51', '2020-11-05 15:42:51', 0),
(23, 'Quintana Roo', '2020-11-05 15:42:51', '2020-11-05 15:42:51', 0),
(24, 'San Luis Potosí', '2020-11-05 15:42:51', '2020-11-05 15:42:51', 0),
(25, 'Sinaloa', '2020-11-05 15:42:51', '2020-11-05 15:42:51', 0),
(26, 'Sonora', '2020-11-05 15:42:51', '2020-11-05 15:42:51', 0),
(27, 'Tabasco', '2020-11-05 15:42:51', '2020-11-05 15:42:51', 0),
(28, 'Tamaulipas', '2020-11-05 15:42:51', '2020-11-05 15:42:51', 0),
(29, 'Tlaxcala', '2020-11-05 15:42:51', '2020-11-05 15:42:51', 0),
(30, 'Veracruz', '2020-11-05 15:42:51', '2020-11-05 15:42:51', 0),
(31, 'Yucatán', '2020-11-05 15:42:51', '2020-11-05 15:42:51', 0),
(32, 'Zacatecas', '2020-11-05 15:42:51', '2020-11-05 15:42:51', 0);

-- --------------------------------------------------------

--
-- Estructura de tabla para la tabla `evaluaciones`
--

CREATE TABLE `evaluaciones` (
  `id` int(11) NOT NULL,
  `nombre` varchar(255) DEFAULT NULL,
  `tipo_evaluacion` int(5) DEFAULT NULL,
  `idCategoriaEvaluacion` int(2) NOT NULL,
  `id_recurso` int(11) NOT NULL,
  `usuario_creo` int(5) DEFAULT NULL,
  `usuario_modifico` int(5) DEFAULT NULL,
  `fecha_creacion` datetime DEFAULT NULL,
  `fecha_ultimo_cambio` datetime DEFAULT NULL ON UPDATE CURRENT_TIMESTAMP,
  `clave` varchar(60) DEFAULT NULL,
  `directorio_uploads` varchar(255) DEFAULT NULL,
  `deleted` int(11) NOT NULL DEFAULT '0'
) ENGINE=InnoDB DEFAULT CHARSET=utf8mb4;

--
-- Volcado de datos para la tabla `evaluaciones`
--

INSERT INTO `evaluaciones` (`id`, `nombre`, `tipo_evaluacion`, `idCategoriaEvaluacion`, `id_recurso`, `usuario_creo`, `usuario_modifico`, `fecha_creacion`, `fecha_ultimo_cambio`, `clave`, `directorio_uploads`, `deleted`) VALUES
(28, 'Prueba 1', 1, 1, 0, 6, 6, '2020-10-31 15:52:51', '2020-11-03 11:59:43', 'EV2820201031155251', 'http://inbi.mx/brain/uploads/EV2820201031155251', 0),
(29, 'Prueba 2', 1, 1, 0, 6, 6, '2020-11-02 12:57:09', '2020-11-03 11:59:56', 'EV2920201102125709', 'http://inbi.mx/brain/uploads/EV2920201102125709', 0),
(30, 'ertert', 1, 1, 0, 2, 2, '2020-11-03 12:54:55', '2020-11-03 11:54:55', 'EV3020201103125455', 'http://inbi.mx/brain/uploads/EV3020201103125455', 0),
(31, 'Prueba de examen real', 1, 2, 0, 2, 2, '2020-12-05 11:05:20', '2020-12-05 10:05:20', 'EV3120201205110520', 'http://inbi.mx/brain/uploads/EV3120201205110520', 0),
(32, 'Test', 1, 1, 0, 2, 2, '2020-12-05 12:13:44', '2020-12-05 11:13:44', 'EV3220201205121344', 'http://inbi.mx/brain/uploads/EV3220201205121344', 0),
(33, 'Evaluacion QA GF', 1, 1, 0, 2, 2, '2020-12-07 10:38:40', '2020-12-07 09:38:40', 'EV3320201207103840', 'http://inbi.mx/brain/uploads/EV3320201207103840', 0),
(34, 'Examen prueba 2 armando', 1, 2, 0, 2, 2, '2020-12-08 18:41:32', '2020-12-08 17:41:32', 'EV3420201208184132', 'http://inbi.mx/brain/uploads/EV3420201208184132', 0),
(35, 'evaluacion dsmm', 1, 1, 0, 17, 17, '2020-12-12 15:07:46', '2020-12-12 14:07:46', 'EV3520201212150746', 'http://inbi.mx/brain/uploads/EV3520201212150746', 0),
(36, 'aaaa', 1, 1, 0, 6, 6, '2020-12-12 15:22:18', '2020-12-12 14:22:18', 'EV3620201212152218', 'http://inbi.mx/brain/uploads/EV3620201212152218', 0),
(37, 'Evaluacion Leccion 5', 1, 1, 0, 2, 2, '2020-12-18 15:41:31', '2020-12-18 14:41:31', 'EV3720201218154131', 'http://inbi.mx/brain/uploads/EV3720201218154131', 0),
(38, 'Evaluación de prueba', 2, 1, 20, 2, 2, '2021-01-05 17:37:42', '2021-01-05 16:37:42', 'EV3820210105173742', 'recursos/Curso xyz/Nivel 1/Sesion1/EV3820210105173742', 0),
(39, 'Eval 2 de prueba', 2, 1, 21, 2, 2, '2021-01-05 17:59:48', '2021-01-05 16:59:48', 'EV3920210105175948', 'recursos/Curso xyz/Nivel 1/Sesion1/EV3920210105175948', 0),
(40, 'form prueba 3', 2, 1, 22, 2, 2, '2021-01-05 18:03:04', '2021-01-05 17:03:04', 'EV4020210105180304', 'recursos/Curso xyz/Nivel 1/Sesion1/EV4020210105180304', 0),
(41, 'Examen prueba 4', 2, 1, 23, 2, 2, '2021-01-05 18:05:10', '2021-01-05 17:05:10', 'EV4120210105180510', 'recursos/Curso xyz/Nivel 1/Sesion1/EV4120210105180510', 0),
(42, 'Mid term Nivel 1 LM', 2, 1, 28, 29, 29, '2021-01-07 14:34:17', '2021-01-07 13:34:17', 'EV4220210107143417', 'recursos/NIVEL 1/Nivel 1/Sesion10/EV4220210107143417', 0),
(43, 'Prueba dsmm', 1, 1, 29, 17, 17, '2021-01-07 17:24:34', '2021-01-07 16:24:34', 'EV4320210107172434', 'recursos/preba dsmm/Nivel 1/Sesion1/EV4320210107172434', 0),
(44, 'prueba 2', 1, 1, 30, 17, 17, '2021-01-07 17:25:56', '2021-01-07 16:25:56', 'EV4420210107172556', 'recursos/preba dsmm/Nivel 1/Sesion1/EV4420210107172556', 0),
(45, 'armando', 1, 1, 34, 2, 2, '2021-01-07 17:43:47', '2021-01-07 16:43:47', 'EV4520210107174347', 'recursos/Armando/Nivel 1/Sesion1/EV4520210107174347', 0),
(46, 'Prueba 07 enero 2021', 2, 1, 35, 17, 17, '2021-01-07 18:46:04', '2021-01-07 17:46:04', 'EV4620210107184604', 'recursos/NIVEL 1/Nivel 1/Sesion1/EV4620210107184604', 0),
(47, 'Prueba nueva dsmm', 1, 1, 36, 17, 17, '2021-01-07 19:00:25', '2021-01-07 18:00:25', 'EV4720210107190025', 'recursos/preba dsmm/Nivel 1/Sesion1/EV4720210107190025', 0),
(48, 'Final exam Nivel 1', 2, 1, 37, 29, 29, '2021-01-08 12:32:31', '2021-01-08 11:32:31', 'EV4820210108123231', 'recursos/NIVEL 1/Nivel 1/Sesion20/EV4820210108123231', 0),
(49, 's', 1, 1, 38, 2, 2, '2021-01-09 11:51:49', '2021-01-09 10:51:49', 'EV4920210109115149', 'recursos/Curso de prueba/Nivel 1/Sesion1/EV4920210109115149', 0),
(50, '13 enero 2021 - 1', 2, 1, 39, 2, 2, '2021-01-13 17:16:53', '2021-01-13 16:16:53', 'EV5020210113171653', 'recursos/Curso xyz/Nivel 1/Sesion1/EV5020210113171653', 0),
(51, 'Prueba 13 enero - 2', 2, 1, 40, 2, 2, '2021-01-13 17:27:34', '2021-01-13 16:27:34', 'EV5120210113172734', 'recursos/Curso xyz/Nivel 1/Sesion2/EV5120210113172734', 0),
(52, 'Ejercicio 1', 1, 1, 41, 2, 2, '2021-01-13 17:30:49', '2021-01-13 16:30:49', 'EV5220210113173049', 'recursos/Curso xyz/Nivel 1/Sesion1/EV5220210113173049', 0),
(53, 'Ejercicio 2', 1, 1, 42, 2, 2, '2021-01-13 17:33:18', '2021-01-13 16:33:18', 'EV5320210113173318', 'recursos/Curso xyz/Nivel 1/Sesion2/EV5320210113173318', 0),
(54, 'Ejercicio 1', 1, 1, 43, 17, 17, '2021-01-13 19:16:58', '2021-01-13 18:16:58', 'EV5420210113191658', 'recursos/DSMM-INTENSIVO/Nivel 1/Sesion1/EV5420210113191658', 0),
(55, '', 2, 1, 44, 17, 17, '2021-01-14 13:14:07', '2021-01-19 14:18:19', 'EV5520210114131407', 'recursos/Curso 123/Nivel 1/Sesion1/EV5520210114131407', 0),
(56, 'Ejercicio Sesion 1', 1, 1, 45, 17, 17, '2021-01-20 13:14:39', '2021-01-20 12:14:40', 'EV5620210120131440', 'recursos/Terciado dsmm curso/Nivel 1/Sesion1/EV5620210120131440', 0),
(57, 'ejercicio sesion 2', 1, 1, 46, 17, 17, '2021-01-20 13:26:34', '2021-01-20 12:26:34', 'EV5720210120132634', 'recursos/Terciado dsmm curso/Nivel 1/Sesion2/EV5720210120132634', 0),
(58, 'Sesión 1 Nivel 1', 1, 1, 47, 6, 6, '2021-01-21 11:48:38', '2021-01-21 10:48:38', 'EV5820210121114838', 'recursos/INBI online (lunes, miércoles y viernes)/Nivel 1/Sesion1/EV5820210121114838', 0),
(59, 'Sesión 2 Nivel 1', 1, 1, 48, 6, 6, '2021-01-21 12:05:07', '2021-01-21 11:05:07', 'EV5920210121120507', 'recursos/INBI online (lunes, miércoles y viernes)/Nivel 1/Sesion2/EV5920210121120507', 0),
(60, 'Sesión 3 Nivel 1', 1, 1, 49, 6, 6, '2021-01-21 12:15:22', '2021-01-21 11:15:22', 'EV6020210121121522', 'recursos/INBI online (lunes, miércoles y viernes)/Nivel 1/Sesion3/EV6020210121121522', 0),
(61, 'Sesion 4 Nivel 1', 1, 1, 50, 6, 6, '2021-01-21 12:25:17', '2021-01-21 11:25:17', 'EV6120210121122517', 'recursos/INBI online (lunes, miércoles y viernes)/Nivel 1/Sesion4/EV6120210121122517', 0),
(62, 'Sesión 5 Nivel 1', 1, 1, 51, 6, 6, '2021-01-21 13:04:09', '2021-01-21 12:04:09', 'EV6220210121130409', 'recursos/INBI online (lunes, miércoles y viernes)/Nivel 1/Sesion5/EV6220210121130409', 0),
(63, 'Examen de medio termino nivel 1', 2, 1, 52, 6, 6, '2021-01-21 13:27:14', '2021-01-21 12:27:14', 'EV6320210121132714', 'recursos/INBI online (lunes, miércoles y viernes)/Nivel 1/Sesion6/EV6320210121132714', 0),
(64, 'Sesión 7 Nivel 1', 1, 1, 53, 6, 6, '2021-01-21 14:08:47', '2021-01-21 13:08:48', 'EV6420210121140848', 'recursos/INBI online (lunes, miércoles y viernes)/Nivel 1/Sesion7/EV6420210121140848', 0),
(65, 'Sesión 8 Nivel 1', 1, 1, 54, 6, 6, '2021-01-21 17:58:14', '2021-01-21 16:58:14', 'EV6520210121175814', 'recursos/INBI online (lunes, miércoles y viernes)/Nivel 1/Sesion8/EV6520210121175814', 0),
(66, 'Sesión 9 Nivel 1', 1, 1, 55, 6, 6, '2021-01-21 18:07:21', '2021-01-21 17:07:21', 'EV6620210121180721', 'recursos/INBI online (lunes, miércoles y viernes)/Nivel 1/Sesion9/EV6620210121180721', 0),
(67, 'Sesión 10 Nivel 1', 1, 1, 56, 6, 6, '2021-01-21 18:25:51', '2021-01-21 17:25:51', 'EV6720210121182551', 'recursos/INBI online (lunes, miércoles y viernes)/Nivel 1/Sesion10/EV6720210121182551', 0),
(68, 'Sesión 11 Nivel 1', 1, 1, 57, 6, 6, '2021-01-21 18:34:58', '2021-01-21 17:34:58', 'EV6820210121183458', 'recursos/INBI online (lunes, miércoles y viernes)/Nivel 1/Sesion11/EV6820210121183458', 0),
(69, 'Examen Final Nivel 1', 2, 1, 58, 6, 6, '2021-01-21 18:40:32', '2021-01-21 17:40:32', 'EV6920210121184032', 'recursos/INBI online (lunes, miércoles y viernes)/Nivel 1/Sesion12/EV6920210121184032', 0),
(70, 'prueba', 2, 1, 69, 6, 6, '2021-01-22 16:17:03', '2021-01-23 09:11:38', 'EV7020210122161703', 'recursos/Curso de prueba/Nivel 1/Sesion1/EV7020210122161703', 0),
(71, 'Gerardo Flores - Omitir', 1, 1, 70, 2, 2, '2021-01-22 16:21:27', '2021-01-22 15:21:27', 'EV7120210122162127', 'recursos/Curso xyz/Nivel 1/Sesion1/EV7120210122162127', 0),
(72, 'pru', 2, 1, 71, 6, 6, '2021-01-22 16:28:46', '2021-01-22 15:28:46', 'EV7220210122162846', 'recursos/Curso de prueba/Nivel 1/Sesion1/EV7220210122162846', 0),
(73, 'asas', 2, 1, 72, 6, 6, '2021-01-22 16:30:44', '2021-01-22 15:30:44', 'EV7320210122163044', 'recursos/Curso de prueba/Nivel 1/Sesion1/EV7320210122163044', 0),
(74, 'Gerardo Flores', 2, 1, 73, 2, 2, '2021-01-22 16:32:38', '2021-01-22 15:32:39', 'EV7420210122163239', 'recursos/Curso xyz/Nivel 1/Sesion1/EV7420210122163239', 0),
(75, 'GF Test', 2, 1, 74, 2, 2, '2021-01-22 16:34:38', '2021-01-22 15:34:38', 'EV7520210122163438', 'recursos/Curso xyz/Nivel 1/Sesion1/EV7520210122163438', 0),
(76, 'GF TEST 2', 2, 1, 75, 2, 2, '2021-01-22 16:48:35', '2021-01-22 15:48:35', 'EV7620210122164835', 'recursos/Curso xyz/Nivel 1/Sesion1/EV7620210122164835', 0),
(77, 'gf t3', 2, 1, 76, 2, 2, '2021-01-22 17:07:13', '2021-01-22 16:07:13', 'EV7720210122170713', 'recursos/Curso xyz/Nivel 1/Sesion1/EV7720210122170713', 0),
(78, 'GF TEST4', 2, 1, 77, 2, 2, '2021-01-22 17:20:08', '2021-01-22 16:20:08', 'EV7820210122172008', 'recursos/Curso xyz/Nivel 1/Sesion1/EV7820210122172008', 0),
(79, 'GF TEST 5', 2, 1, 78, 2, 2, '2021-01-22 17:33:22', '2021-01-22 16:33:22', 'EV7920210122173322', 'recursos/Curso xyz/Nivel 1/Sesion1/EV7920210122173322', 0),
(80, 'gf test 10', 2, 1, 79, 2, 2, '2021-01-22 17:44:18', '2021-01-22 16:44:18', 'EV8020210122174418', 'recursos/Curso de prueba/Nivel 1/Sesion1/EV8020210122174418', 0),
(81, 'GF TEST 11', 2, 1, 80, 2, 2, '2021-01-22 17:50:22', '2021-01-22 16:50:22', 'EV8120210122175022', 'recursos/Curso xyz/Nivel 1/Sesion1/EV8120210122175022', 0);

-- --------------------------------------------------------

--
-- Estructura de tabla para la tabla `frecuencia`
--

CREATE TABLE `frecuencia` (
  `id` int(11) NOT NULL,
  `nombre` varchar(60) NOT NULL,
  `descripcion` text NOT NULL,
  `lunes` int(2) DEFAULT NULL,
  `martes` int(2) DEFAULT NULL,
  `miercoles` int(2) DEFAULT NULL,
  `jueves` int(2) DEFAULT NULL,
  `viernes` int(2) DEFAULT NULL,
  `sabado` int(2) DEFAULT NULL,
  `domingo` int(2) DEFAULT NULL,
  `estatus` int(1) NOT NULL,
  `fecha_creacion` datetime NOT NULL,
  `fecha_ultimo_cambio` datetime NOT NULL DEFAULT CURRENT_TIMESTAMP,
  `deleted` int(2) NOT NULL DEFAULT '0'
) ENGINE=InnoDB DEFAULT CHARSET=latin1;

--
-- Volcado de datos para la tabla `frecuencia`
--

INSERT INTO `frecuencia` (`id`, `nombre`, `descripcion`, `lunes`, `martes`, `miercoles`, `jueves`, `viernes`, `sabado`, `domingo`, `estatus`, `fecha_creacion`, `fecha_ultimo_cambio`, `deleted`) VALUES
(1, 'Test', 'Prueba', 1, 1, 1, 1, 1, 0, 0, 1, '2020-11-12 17:20:13', '2020-11-24 16:37:49', 0),
(2, 'Frecuencia 123', 'Frecuencia de prueba', 0, 0, 0, 0, 0, 1, 1, 1, '2020-12-22 15:34:28', '2020-12-22 15:34:28', 0),
(3, 'Frecuencia de prueba xyz', 'Esta es una frecuencia de prueba', 1, 0, 1, 0, 1, 0, 0, 1, '2020-12-22 15:37:50', '2020-12-22 15:37:50', 0),
(4, 'Frecuencia ABC', 'Esta es otra frecuencia de prueba', 1, 1, 1, 0, 0, 0, 0, 1, '2020-12-22 15:38:30', '2020-12-22 15:38:30', 0),
(5, 'Prueba armando', 'luneas a miercoles', 1, 0, 1, 0, 1, 0, 0, 1, '2020-12-22 16:27:45', '2020-12-22 16:27:45', 0),
(6, 'Frecuencia 10', 'Prueba', 1, 1, 1, 0, 0, 0, 0, 1, '2020-12-22 16:51:50', '2020-12-22 16:51:50', 0),
(7, 'Lunes a viernes', 'LM', 1, 1, 1, 1, 1, 0, 0, 1, '2021-01-07 14:18:25', '2021-01-07 14:18:25', 0),
(8, 'Prueba dsmm', 'descripcion dsmm', 1, 1, 1, 1, 1, 0, 0, 1, '2021-01-07 17:08:37', '2021-01-13 19:13:57', 0),
(9, 'Prueba de registro de frecuencia', 'Prueba', 1, 0, 1, 0, 1, 0, 1, 1, '2021-01-07 17:23:50', '2021-01-07 17:23:50', 0),
(10, 'Terciada DSMM', 'A', 1, 0, 1, 0, 1, 0, 0, 1, '2021-01-20 13:07:05', '2021-01-20 13:07:05', 0),
(11, 'Lunes, miércoles y viernes', 'Lunes, miércoles y viernes', 1, 0, 1, 0, 1, 0, 0, 1, '2021-01-21 11:36:06', '2021-01-21 11:36:06', 0);

-- --------------------------------------------------------

--
-- Estructura de tabla para la tabla `grupos`
--

CREATE TABLE `grupos` (
  `id` int(5) NOT NULL,
  `nombre` varchar(50) DEFAULT NULL,
  `estatus` int(11) DEFAULT NULL,
  `id_unidad_negocio` int(3) DEFAULT NULL,
  `id_plantel` int(11) NOT NULL,
  `id_ciclo` int(11) DEFAULT NULL,
  `id_curso` int(3) DEFAULT NULL,
  `id_horario` int(11) NOT NULL,
  `id_salon` int(11) NOT NULL,
  `id_nivel` int(11) NOT NULL,
  `codigo_acceso` varchar(25) NOT NULL,
  `cupo` int(11) NOT NULL,
  `precio` varchar(20) NOT NULL,
  `inscritos` int(11) NOT NULL,
  `disponibles` int(11) NOT NULL,
  `descripcion` text NOT NULL,
  `usuario_creo` int(3) DEFAULT NULL,
  `usuario_modifico` int(3) DEFAULT NULL,
  `url_imagen` varchar(255) NOT NULL,
  `fecha_creacion` datetime DEFAULT NULL,
  `fecha_ultimo_cambio` datetime DEFAULT NULL ON UPDATE CURRENT_TIMESTAMP,
  `deleted` int(11) NOT NULL DEFAULT '0'
) ENGINE=InnoDB DEFAULT CHARSET=utf8mb4;

--
-- Volcado de datos para la tabla `grupos`
--

INSERT INTO `grupos` (`id`, `nombre`, `estatus`, `id_unidad_negocio`, `id_plantel`, `id_ciclo`, `id_curso`, `id_horario`, `id_salon`, `id_nivel`, `codigo_acceso`, `cupo`, `precio`, `inscritos`, `disponibles`, `descripcion`, `usuario_creo`, `usuario_modifico`, `url_imagen`, `fecha_creacion`, `fecha_ultimo_cambio`, `deleted`) VALUES
(1, 'Grupo123eee3', 1, 1, 0, NULL, NULL, 0, 0, 0, '', 0, '', 0, 0, '', 2, 2, '', '2020-10-01 00:07:59', '2020-10-03 13:37:23', 0),
(2, 'Grupo345', 1, 1, 0, NULL, NULL, 0, 0, 0, '', 0, '', 0, 0, '', 2, 2, '', '2020-10-01 00:08:37', '2020-10-01 00:08:37', 0),
(3, 'Grupo678', 1, 1, 0, NULL, NULL, 0, 0, 0, '', 0, '', 0, 0, '', 2, 2, '', '2020-10-01 20:19:50', '2020-10-01 20:19:50', 0),
(7, 'Un grupo mas de prueba', 1, 1, 0, NULL, NULL, 0, 0, 0, '', 0, '', 0, 0, '', 2, 2, '', '2020-10-01 23:06:03', '2020-10-01 23:06:03', 0),
(20, 'Grupo Gerardo Flores', 1, 1, 6, NULL, NULL, 1, 1, 1, '', 20, '1300', 0, 0, 'Este es un grupo de prueba', 2, 2, '', '2020-11-13 11:53:08', '2020-11-26 14:46:15', 0),
(21, 'Test Grupo n1', 1, 1, 6, NULL, NULL, 1, 1, 1, 'YP94-GJ5V-X3FW', 15, '1300', 0, 0, 'Prueba de descripción', 2, 2, '', '2020-11-13 17:38:11', '2020-11-26 14:46:24', 0),
(22, '18 Nov', 1, 1, 2, NULL, NULL, 1, 1, 1, '77T0-TFHB-C50N', 20, '1300', 0, 0, 'Grupo de prueba 18 de noviembre', 2, 2, '', '2020-11-18 18:53:39', '2020-11-26 14:46:33', 0),
(23, '18 Nov 2', 1, 1, 2, NULL, NULL, 2, 1, 1, 'EKRN-ZBYG-9HKF', 30, '1300', 0, 0, 'Grupo de prueba ', 2, 2, '', '2020-11-18 18:54:26', '2020-11-26 14:46:41', 0),
(24, 'CUPON', 1, 2, 9, NULL, NULL, 2, 1, 1, 'WAN2-J6GP-5TGF', 20, '1300', 0, 0, 'Descripción del grupo de prueba , 33333', 2, 2, '', '2020-11-18 18:55:46', '2020-11-26 14:46:58', 0),
(25, 'BECAS', 1, 2, 11, NULL, NULL, 2, 1, 1, 'E71C-CQGX-WZK8', 20, '1300', 0, 0, 'Esta es una descripción de grupo con varios caracteres para validar el desplazamiento del DIV de la descripción y poder  asignarle un width y height o cortar la cadena con la función de PHP', 2, 2, '', '2020-11-18 18:57:34', '2020-11-26 14:47:04', 0),
(26, 'Grupo Test 1234567', 1, 2, 9, NULL, NULL, 1, 1, 1, '7XG7-NR8A-X81H', 20, '1300', 0, 0, 'Grupo de prueba', 2, 2, '', '2020-11-26 14:47:19', '2020-11-26 14:47:14', 0),
(27, 'Grupo QA San Miguel', 1, 1, 6, NULL, NULL, 1, 1, 1, 'VEEX-NXKX-HT1R', 20, '1300', 0, 0, 'Grupo para sucursal San Miguel', 2, 2, 'uploads/Grupos/Imagenes/ImagenGrupo QA San Miguel.jpg', '2020-11-26 16:15:16', '2020-11-26 16:15:16', 0),
(28, 'Anahuac Test Update', 1, 1, 1, 3, 2, 1, 1, 1, 'FD4C-T27V-YC7B', 20, '1300', 0, 0, 'Prueba grupo Sucursal Anahuac', 2, 2, 'uploads/Grupos/Imagenes/ImagenGrupo INBI Anahuac.jpg', '2020-11-26 18:14:24', '2021-01-19 10:40:46', 0),
(29, 'Grupo INBI Casa Blanca', 1, 1, 3, NULL, NULL, 1, 1, 1, 'T71F-YSPH-MI86', 20, '1300', 0, 0, 'Grupo de prueba, casa blanca', 2, 2, 'uploads/Grupos/Imagenes/ImagenGrupo INBI Casa Blanca.jpg', '2020-11-26 18:15:57', '2020-11-26 18:15:57', 0),
(30, 'grupos dsmm', 1, 1, 1, NULL, NULL, 3, 2, 1, '1Y7D-E3N3-5JHM', 30, '1400', 0, 0, 'a', 17, 17, 'uploads/Grupos/Imagenes/Imagengrupos dsmm.jpg', '2020-12-12 15:03:04', '2020-12-12 15:03:04', 0),
(31, 'grupos dsmm', 1, 1, 1, NULL, NULL, 3, 2, 1, 'THG4-UY8T-6XE0', 30, '1400', 0, 0, 'a', 17, 17, 'uploads/Grupos/Imagenes/Imagengrupos dsmm.jpg', '2020-12-12 15:03:06', '2020-12-12 15:03:06', 0),
(32, 'Grupo GF', 1, 1, 1, 1, 1, 1, 1, 14, '7S95-VI87-UE97', 20, '', 0, 0, 'Esté es un grupo de prueba', 2, 2, 'uploads/Grupos/Imagenes/ImagenGrupo GF.jpg', '2020-12-18 16:00:50', '2020-12-18 16:00:50', 0),
(33, 'Grupo GF', 1, 1, 7, 1, 1, 1, 1, 14, '66XB-GF0F-Z6ZS', 20, '', 0, 0, 'Esté es un grupo de prueba', 2, 2, 'uploads/Grupos/Imagenes/ImagenGrupo GF.jpg', '2020-12-18 16:03:46', '2020-12-18 16:03:46', 0),
(34, 'Grupo GF', 1, 1, 1, 1, 1, 1, 1, 14, 'NM90-C6LT-GU8N', 20, '', 0, 0, 'Esté es un grupo de prueba', 2, 2, 'uploads/Grupos/Imagenes/ImagenGrupo GF.jpg', '2020-12-18 16:07:39', '2020-12-18 16:07:39', 0),
(35, 'Grupo enero 2021', 1, 1, 1, 1, 7, 1, 1, 1, '4LQI-11NX-G83P', 20, '', 0, 0, 'Grupo de prueba 07 de enero del 2021', 2, 2, 'uploads/Grupos/Imagenes/ImagenGrupo enero 2021.jpg', '2021-01-07 12:22:31', '2021-01-07 12:22:31', 0),
(36, 'Grupo enero 2021', 1, 1, 1, 1, 7, 1, 1, 1, 'I7DG-HEX7-8TSJ', 20, '', 0, 0, 'Grupo de prueba 07 de enero del 2021', 2, 2, 'uploads/Grupos/Imagenes/ImagenGrupo enero 2021.jpg', '2021-01-07 12:35:23', '2021-01-07 12:35:23', 0),
(37, 'Grupo 2 enero 2021', 1, 1, 1, 1, 5, 1, 1, 1, '7FM3-EERW-EGY7', 20, '', 0, 0, 'prueba registro de grupo', 2, 2, 'uploads/Grupos/Imagenes/ImagenGrupo 2 enero 2021.jpg', '2021-01-07 12:38:23', '2021-01-07 12:38:23', 0),
(38, 'Universidad Nivel 1 ', 1, 2, 12, 6, 8, 5, 4, 1, 'L29L-02Q6-XUJM', 20, '', 0, 0, 'LM', 29, 29, 'uploads/Grupos/Imagenes/ImagenUniversidad Nivel 1 .jpg', '2021-01-07 17:33:55', '2021-01-07 17:33:55', 0),
(39, 'prueba dsmm 123', 1, 1, 1, 7, 9, 6, 5, 1, 'JP72-ILSP-21PD', 40, '', 0, 0, 'a', 17, 17, 'uploads/Grupos/Imagenes/Imagenprueba dsmm 123.jpg', '2021-01-07 18:04:18', '2021-01-07 18:04:18', 0),
(40, 'prueba dsmm 1', 1, 1, 1, 13, 11, 7, 2, 1, 'Y7FY-IR5P-0EJD', 40, '', 0, 0, 'a', 17, 17, 'uploads/Grupos/Imagenes/Imagenprueba dsmm 1.jpg', '2021-01-13 19:27:49', '2021-01-13 19:27:49', 0),
(41, 'Grupo de prueba GF', 1, 1, 1, 1, 1, 1, 1, 1, 'B1M5-0CF2-L38E', 20, '', 0, 0, 'Prueba de crear grupo sin maestro asignado', 2, 2, 'uploads/Grupos/Imagenes/ImagenGrupo de prueba GF.jpg', '2021-01-15 11:40:30', '2021-01-20 17:41:36', 0),
(42, 'Prueba crear Grupo con un solo Teacher', 1, 1, 1, 1, 1, 1, 1, 2, 'UELF-BCPF-UNJP', 20, '', 0, 0, 'Esta es una prueba de crear un Grupo, con solo un Teacher asignado', 2, 2, 'uploads/Grupos/Imagenes/ImagenPrueba crear Grupo con un solo Teacher.jpg', '2021-01-15 11:41:47', '2021-01-20 17:41:39', 0),
(43, 'terciado dsmm', 1, 1, 1, 1, 12, 8, 1, 1, 'AV9Y-A0FQ-HZIE', 40, '', 0, 0, 'a', 17, 17, 'uploads/Grupos/Imagenes/Imagenterciado dsmm.jpg', '2021-01-20 13:14:02', '2021-01-20 17:41:42', 0),
(44, 'Online 9 a 10', 1, 1, 1, 15, 13, 9, 1, 1, 'B5KA-8JWZ-4DL5', 40, '', 0, 0, 'a', 17, 17, 'uploads/Grupos/Imagenes/ImagenOnline 9 a 10.jpg', '2021-01-21 18:07:21', '2021-01-21 18:07:21', 0),
(45, 'test', 1, 1, 1, 1, 1, 1, 1, 1, 'U8Y8-2XT5-RQ5T', 20, '', 0, 0, 'prueba', 2, 2, 'uploads/Grupos/Imagenes/Imagentest.jpg', '2021-01-25 13:16:31', '2021-01-25 13:16:31', 0),
(46, 'prueba gf', 1, 1, 1, 1, 1, 1, 1, 1, '88N0-8WJZ-M2XR', 20, '', 0, 0, 'test', 2, 2, 'uploads/Grupos/Imagenes/Imagenprueba gf.jpg', '2021-01-25 13:22:04', '2021-01-25 13:22:04', 0),
(47, 'prueba gf test', 1, 1, 1, 1, 1, 1, 1, 1, '82X1-Z1K3-V0YL', 20, '', 0, 0, 'test', 2, 2, 'uploads/Grupos/Imagenes/Imagenprueba gf test.jpg', '2021-01-25 13:24:00', '2021-01-25 13:24:00', 0),
(48, 'Gerardo', 1, 1, 1, 1, 1, 1, 1, 1, 'HAHD-D1E4-FA1S', 20, '', 0, 0, 'test', 2, 2, 'uploads/Grupos/Imagenes/ImagenGerardo.jpg', '2021-01-25 13:26:43', '2021-01-25 13:26:43', 0),
(49, 'Gerardo', 1, 1, 1, 1, 1, 1, 1, 1, 'WU8L-6KPB-ULPA', 20, '', 0, 0, 'test', 2, 2, 'uploads/Grupos/Imagenes/ImagenGerardo.jpg', '2021-01-25 13:27:03', '2021-01-25 13:27:03', 0),
(50, 'Gerardo', 1, 1, 1, 1, 1, 1, 1, 1, 'DYC8-CH5Q-QZNN', 20, '', 0, 0, 'test', 2, 2, 'uploads/Grupos/Imagenes/ImagenGerardo.jpg', '2021-01-25 13:27:09', '2021-01-25 13:27:09', 0),
(51, 'grupo prueba xyz', 1, 1, 1, 1, 1, 1, 1, 1, '5W6A-87CU-SN65', 20, '', 0, 0, 'Test', 2, 2, 'uploads/Grupos/Imagenes/Imagengrupo prueba xyz.jpg', '2021-01-25 13:29:18', '2021-01-25 13:29:18', 0),
(52, 'gtest', 1, 1, 1, 1, 1, 1, 1, 1, 'AKII-QVIW-Z46D', 20, '', 0, 0, 'testtt', 2, 2, 'uploads/Grupos/Imagenes/Imagengtest.jpg', '2021-01-25 13:31:14', '2021-01-25 13:31:14', 0),
(53, 'Grupo prueba tabla', 1, 1, 1, 1, 1, 1, 1, 1, 'T77R-LKIS-1BCY', 20, '', 0, 0, 'tessst', 2, 2, 'uploads/Grupos/Imagenes/ImagenGrupo prueba tabla.jpg', '2021-01-25 13:34:13', '2021-01-25 13:34:13', 0),
(54, 'Grupo prueba tabla', 1, 1, 1, 1, 1, 1, 1, 1, '9D6H-AG56-5XY2', 20, '', 0, 0, 'tessst', 2, 2, 'uploads/Grupos/Imagenes/ImagenGrupo prueba tabla.jpg', '2021-01-25 13:34:49', '2021-01-25 13:34:49', 0),
(55, 'Grupo prueba tabla', 1, 1, 1, 1, 1, 1, 1, 1, 'VTRP-6F5B-SXI4', 20, '', 0, 0, 'tessst', 2, 2, 'uploads/Grupos/Imagenes/ImagenGrupo prueba tabla.jpg', '2021-01-25 13:35:45', '2021-01-25 13:35:45', 0),
(56, 'Gerardo', 1, 1, 1, 1, 1, 1, 1, 1, '2E1H-AJTL-2LTR', 20, '', 0, 0, 'eeeeeeeee', 2, 2, 'uploads/Grupos/Imagenes/ImagenGerardo.jpg', '2021-01-25 13:42:34', '2021-01-25 13:42:34', 0),
(57, 'Gerardo', 1, 1, 1, 1, 1, 1, 1, 1, '8RFT-YXA4-HWFC', 20, '', 0, 0, 'eeeeeeeee', 2, 2, 'uploads/Grupos/Imagenes/ImagenGerardo.jpg', '2021-01-25 13:43:38', '2021-01-25 13:43:38', 0);

-- --------------------------------------------------------

--
-- Estructura de tabla para la tabla `grupo_alumnos`
--

CREATE TABLE `grupo_alumnos` (
  `id` int(11) NOT NULL,
  `id_grupo` int(11) NOT NULL,
  `id_curso` int(11) NOT NULL,
  `id_alumno` int(11) NOT NULL,
  `fecha_creacion` datetime DEFAULT NULL,
  `fecha_ultimo_cambio` datetime DEFAULT NULL,
  `deleted` int(11) NOT NULL DEFAULT '0'
) ENGINE=InnoDB DEFAULT CHARSET=latin1;

--
-- Volcado de datos para la tabla `grupo_alumnos`
--

INSERT INTO `grupo_alumnos` (`id`, `id_grupo`, `id_curso`, `id_alumno`, `fecha_creacion`, `fecha_ultimo_cambio`, `deleted`) VALUES
(1, 29, 0, 21, '2020-11-27 17:48:48', '2020-11-27 17:48:48', 2020),
(2, 29, 0, 22, '2020-11-27 17:50:58', '2020-11-27 17:50:58', 2020),
(3, 29, 0, 21, '2020-11-27 17:52:19', '2020-11-27 17:52:19', 2020),
(4, 29, 0, 22, '2020-11-27 17:53:21', '2020-11-27 17:53:21', 2020),
(5, 29, 0, 22, '2020-11-27 17:57:54', '2020-11-27 17:57:54', 2020),
(6, 29, 0, 21, '2020-11-27 18:04:15', '2020-11-27 18:04:15', 2021),
(8, 31, 0, 27, '2020-12-12 15:13:38', '2020-12-12 15:13:38', 0),
(9, 34, 0, 19, '2020-12-18 16:11:41', '2020-12-18 16:11:41', 0),
(10, 38, 0, 30, '2021-01-07 17:36:06', '2021-01-07 17:36:06', 0),
(11, 39, 0, 20, '2021-01-07 19:03:39', '2021-01-07 19:03:39', 0),
(12, 28, 0, 21, '2021-01-09 10:32:31', '2021-01-09 10:32:31', 0),
(13, 28, 0, 31, '2021-01-09 11:39:08', '2021-01-09 11:39:08', 0),
(14, 40, 0, 32, '2021-01-13 19:30:13', '2021-01-13 19:30:13', 2021),
(15, 40, 0, 32, '2021-01-14 12:55:35', '2021-01-14 12:55:35', 0),
(16, 28, 2, 34, '2021-01-18 12:29:53', '2021-01-18 12:29:53', 0),
(17, 44, 13, 35, '2021-01-21 18:08:50', '2021-01-21 18:08:50', 0),
(18, 44, 13, 36, '2021-01-21 18:09:47', '2021-01-21 18:09:47', 0),
(19, 44, 13, 37, '2021-01-21 18:11:02', '2021-01-21 18:11:02', 0),
(20, 44, 13, 40, '2021-01-23 12:12:36', '2021-01-23 12:12:36', 0);

-- --------------------------------------------------------

--
-- Estructura de tabla para la tabla `grupo_evaluacion`
--

CREATE TABLE `grupo_evaluacion` (
  `id` int(11) NOT NULL,
  `id_grupo` int(11) DEFAULT NULL,
  `id_evaluacion` int(11) NOT NULL,
  `fecha_creacion` datetime DEFAULT NULL,
  `fecha_ultimo_cambio` datetime DEFAULT NULL,
  `deleted` int(11) NOT NULL DEFAULT '0'
) ENGINE=MyISAM DEFAULT CHARSET=latin1;

--
-- Volcado de datos para la tabla `grupo_evaluacion`
--

INSERT INTO `grupo_evaluacion` (`id`, `id_grupo`, `id_evaluacion`, `fecha_creacion`, `fecha_ultimo_cambio`, `deleted`) VALUES
(1, 22, 28, '2020-11-25 16:50:48', '2020-11-25 16:50:48', 0),
(2, 29, 28, '2020-11-27 12:45:41', '2020-11-27 12:45:41', 0),
(3, 28, 28, '2020-12-04 16:35:18', '2020-12-04 16:35:18', 2020),
(4, 28, 28, '2020-12-04 16:45:21', '2020-12-04 16:45:21', 0),
(5, 28, 31, '2020-12-05 12:42:30', '2020-12-05 12:42:30', 0),
(6, 28, 33, '2020-12-07 10:40:24', '2020-12-07 10:40:24', 0),
(7, 28, 34, '2020-12-10 17:00:48', '2020-12-10 17:00:48', 0),
(8, 31, 35, '2020-12-12 15:10:46', '2020-12-12 15:10:46', 0),
(9, 34, 32, '2020-12-18 16:07:39', '2020-12-18 16:07:39', 0),
(10, 34, 33, '2020-12-18 16:07:39', '2020-12-18 16:07:39', 0),
(11, 34, 37, '2020-12-18 16:07:39', '2020-12-18 16:07:39', 0);

-- --------------------------------------------------------

--
-- Estructura de tabla para la tabla `grupo_recursos`
--

CREATE TABLE `grupo_recursos` (
  `id` int(11) NOT NULL,
  `id_grupo` int(11) NOT NULL,
  `id_recurso` int(11) NOT NULL,
  `fecha_creacion` datetime DEFAULT NULL,
  `fecha_ultimo_cambio` datetime DEFAULT NULL,
  `deleted` int(11) NOT NULL DEFAULT '0'
) ENGINE=MyISAM DEFAULT CHARSET=latin1;

--
-- Volcado de datos para la tabla `grupo_recursos`
--

INSERT INTO `grupo_recursos` (`id`, `id_grupo`, `id_recurso`, `fecha_creacion`, `fecha_ultimo_cambio`, `deleted`) VALUES
(1, 21, 2, '2020-11-17 12:00:41', '2020-11-17 12:00:41', 0),
(2, 21, 3, '2020-11-17 12:00:41', '2020-11-17 12:00:41', 0),
(3, 21, 4, '2020-11-17 12:01:21', '2020-11-17 12:01:21', 0),
(4, 21, 5, '2020-11-17 12:01:21', '2020-11-17 12:01:21', 0),
(5, 21, 8, '2020-11-17 12:01:56', '2020-11-17 12:01:56', 0),
(6, 21, 9, '2020-11-17 12:01:56', '2020-11-17 12:01:56', 0),
(10, 29, 3, '2020-11-27 12:54:46', '2020-11-27 12:54:46', 0),
(9, 29, 2, '2020-11-27 12:54:46', '2020-11-27 12:54:46', 2020),
(11, 29, 9, '2020-11-27 13:01:04', '2020-11-27 13:01:04', 2020),
(12, 29, 8, '2020-11-27 13:02:33', '2020-11-27 13:02:33', 0),
(13, 29, 7, '2020-11-27 13:06:26', '2020-11-27 13:06:26', 2020),
(14, 29, 1, '2020-11-27 13:06:33', '2020-11-27 13:06:33', 2020),
(15, 29, 6, '2020-11-27 13:06:36', '2020-11-27 13:06:36', 2020),
(16, 29, 4, '2020-11-27 15:34:26', '2020-11-27 15:34:26', 2020),
(17, 28, 10, '2020-12-04 18:26:14', '2020-12-04 18:26:14', 0),
(18, 28, 9, '2020-12-04 19:00:46', '2020-12-04 19:00:46', 2020),
(19, 28, 11, '2020-12-04 19:02:06', '2020-12-04 19:02:06', 0);

-- --------------------------------------------------------

--
-- Estructura de tabla para la tabla `grupo_teachers`
--

CREATE TABLE `grupo_teachers` (
  `id` int(11) NOT NULL,
  `id_grupo` int(11) NOT NULL,
  `id_teacher` int(11) NOT NULL,
  `id_teacher_2` int(11) DEFAULT NULL,
  `fecha_creacion` datetime DEFAULT NULL,
  `fecha_ultimo_cambio` datetime DEFAULT NULL,
  `deleted` int(11) NOT NULL DEFAULT '0'
) ENGINE=InnoDB DEFAULT CHARSET=latin1;

--
-- Volcado de datos para la tabla `grupo_teachers`
--

INSERT INTO `grupo_teachers` (`id`, `id_grupo`, `id_teacher`, `id_teacher_2`, `fecha_creacion`, `fecha_ultimo_cambio`, `deleted`) VALUES
(3, 29, 26, 0, '2020-11-27 18:35:42', '2020-11-27 18:35:42', 2020),
(4, 29, 26, 0, '2020-11-27 18:40:57', '2020-11-27 18:40:57', 2020),
(5, 29, 26, 0, '2020-11-27 18:42:49', '2020-11-27 18:42:49', 2020),
(6, 29, 26, 0, '2020-11-27 18:43:41', '2020-11-27 18:43:41', 2020),
(7, 29, 26, 0, '2020-11-27 18:45:40', '2020-11-27 18:45:40', 2020),
(8, 29, 26, 0, '2020-11-27 18:50:13', '2020-11-27 18:50:13', 2020),
(9, 29, 26, 0, '2020-11-27 18:50:53', '2020-11-27 18:50:53', 2020),
(10, 29, 26, 0, '2020-11-27 18:57:12', '2020-11-27 18:57:12', 2020),
(11, 28, 25, 0, '2020-12-12 09:44:02', '2020-12-12 09:44:02', 0),
(12, 31, 28, 0, '2020-12-12 15:15:13', '2020-12-12 15:15:13', 0),
(13, 34, 25, 24, '2020-12-18 16:07:39', '2020-12-18 16:07:39', 0),
(14, 36, 24, 25, '2021-01-07 12:35:23', '2021-01-07 12:35:23', 0),
(15, 37, 24, 25, '2021-01-07 12:38:23', '2021-01-07 12:38:23', 0),
(16, 38, 28, 25, '2021-01-07 17:33:55', '2021-01-07 17:33:55', 0),
(17, 39, 28, 25, '2021-01-07 18:04:18', '2021-01-07 18:04:18', 0),
(18, 39, 24, NULL, '2021-01-07 19:03:15', '2021-01-07 19:03:15', 0),
(19, 40, 24, 25, '2021-01-13 19:27:49', '2021-01-13 19:27:49', 0),
(20, 42, 24, NULL, '2021-01-15 11:41:47', '2021-01-15 11:41:47', 0),
(21, 44, 38, NULL, '2021-01-23 12:51:47', '2021-01-23 12:51:47', 0);

-- --------------------------------------------------------

--
-- Estructura de tabla para la tabla `horarios`
--

CREATE TABLE `horarios` (
  `id` int(11) NOT NULL,
  `nombre` varchar(60) NOT NULL,
  `hora_inicio` varchar(30) NOT NULL,
  `hora_fin` varchar(30) NOT NULL,
  `comentarios` text NOT NULL,
  `fecha_creacion` datetime NOT NULL,
  `fecha_ultimo_cambio` datetime NOT NULL DEFAULT CURRENT_TIMESTAMP,
  `estatus` int(2) NOT NULL,
  `deleted` int(2) NOT NULL
) ENGINE=InnoDB DEFAULT CHARSET=latin1;

--
-- Volcado de datos para la tabla `horarios`
--

INSERT INTO `horarios` (`id`, `nombre`, `hora_inicio`, `hora_fin`, `comentarios`, `fecha_creacion`, `fecha_ultimo_cambio`, `estatus`, `deleted`) VALUES
(1, 'horario test', '15:00', '16:00', 'prueba edicionfffffffffff', '2020-11-11 16:13:49', '2020-11-11 16:13:49', 1, 0),
(2, 'ffff', '16:14', '16:20', 'ff', '2020-11-11 16:14:11', '2020-11-11 16:14:11', 1, 0),
(3, 'horario dsmm', '14:55', '15:56', 'Diario', '2020-12-12 14:55:16', '2020-12-12 14:55:16', 1, 0),
(4, 'Horario de prueba GF', '10:00', '12:00', 'Esté es un horario de prueba para testear el modulo de Horarios', '2021-01-06 16:49:32', '2021-01-06 16:49:32', 1, 0),
(5, 'Matutino', '09:00', '10:30', 'LM', '2021-01-07 13:41:18', '2021-01-07 13:41:18', 1, 0),
(6, 'prueba de dsmm', '18:00', '19:00', 'descripcion prueba', '2021-01-07 16:40:17', '2021-01-07 16:40:17', 1, 0),
(7, 'DSMM- 9:00 A 10:00', '09:00', '10:00', 'Horario prueba dsmm', '2021-01-13 19:12:03', '2021-01-13 19:12:03', 1, 0),
(8, 'Intensivo matutino DSMM', '12:00', '13:30', 'A', '2021-01-20 13:06:23', '2021-01-20 13:06:23', 1, 0),
(9, 'Matutino', '09:00', '10:00', 'a', '2021-01-21 18:05:02', '2021-01-21 18:05:02', 1, 0);

-- --------------------------------------------------------

--
-- Estructura de tabla para la tabla `kardex`
--

CREATE TABLE `kardex` (
  `id` int(11) NOT NULL,
  `id_usuario` int(11) NOT NULL,
  `id_nivel` int(11) NOT NULL,
  `primera_oportunidad` int(11) NOT NULL,
  `segunda_oportunidad` int(11) DEFAULT NULL,
  `fecha_creacion` datetime NOT NULL,
  `fecha_ultimo_cambio` datetime NOT NULL,
  `deleted` int(11) NOT NULL DEFAULT '0'
) ENGINE=MyISAM DEFAULT CHARSET=latin1;

--
-- Volcado de datos para la tabla `kardex`
--

INSERT INTO `kardex` (`id`, `id_usuario`, `id_nivel`, `primera_oportunidad`, `segunda_oportunidad`, `fecha_creacion`, `fecha_ultimo_cambio`, `deleted`) VALUES
(1, 21, 1, 40, NULL, '2021-01-13 18:20:16', '2021-01-13 18:20:16', 0),
(2, 31, 1, 83, NULL, '2021-01-13 18:20:16', '2021-01-13 18:20:16', 0);

-- --------------------------------------------------------

--
-- Estructura de tabla para la tabla `lecciones_evaluacion`
--

CREATE TABLE `lecciones_evaluacion` (
  `id` int(5) NOT NULL,
  `nombre` varchar(50) NOT NULL,
  `fecha_creacion` datetime NOT NULL,
  `fecha_ultimo_cambio` datetime NOT NULL,
  `deleted` int(11) NOT NULL DEFAULT '0'
) ENGINE=InnoDB DEFAULT CHARSET=latin1;

--
-- Volcado de datos para la tabla `lecciones_evaluacion`
--

INSERT INTO `lecciones_evaluacion` (`id`, `nombre`, `fecha_creacion`, `fecha_ultimo_cambio`, `deleted`) VALUES
(1, 'Leccion 1', '2020-10-07 17:23:58', '2020-10-07 17:23:58', 0),
(2, 'Lección 2', '2020-10-07 17:23:58', '2020-10-07 17:23:58', 0),
(3, 'Lección 3', '2020-10-07 17:28:38', '2020-10-07 17:28:38', 0),
(4, 'Lección 4', '2020-10-07 17:23:58', '2020-10-07 17:23:58', 0),
(5, 'Lección 5', '2020-10-07 17:23:58', '2020-10-07 17:23:58', 0),
(6, 'Lección 6', '2020-10-07 17:23:58', '2020-10-07 17:23:58', 0),
(7, 'Lección 7', '2020-10-07 17:23:58', '2020-10-07 17:23:58', 0),
(8, 'Lección 8', '2020-10-07 17:23:58', '2020-10-07 17:23:58', 0),
(9, 'Lección 9', '2020-10-07 17:23:58', '2020-10-07 17:23:58', 0),
(10, 'Lección 10', '2020-10-07 17:23:58', '2020-10-07 17:23:58', 0),
(11, 'Lección 11', '2020-10-07 17:23:58', '2020-10-07 17:23:58', 0),
(12, 'Lección 12', '2020-10-07 17:23:58', '2020-10-07 17:23:58', 0),
(13, 'Lección 13', '2020-10-07 17:23:58', '2020-10-07 17:23:58', 0),
(14, 'Lección 14', '2020-10-07 17:23:58', '2020-10-07 17:23:58', 0),
(15, 'Lección 15', '2020-10-07 17:23:58', '2020-10-07 17:23:58', 0),
(16, 'Lección 16', '2020-10-07 17:23:58', '2020-10-07 17:23:58', 0),
(17, 'Lección 17', '2020-10-07 17:23:58', '2020-10-07 17:23:58', 0),
(18, 'Lección 18', '2020-10-07 17:23:58', '2020-10-07 17:23:58', 0),
(19, 'Lección 19', '2020-10-07 17:23:58', '2020-10-07 17:23:58', 0),
(20, 'Lección 20', '2020-10-07 17:23:58', '2020-10-07 17:23:58', 0);

-- --------------------------------------------------------

--
-- Estructura de tabla para la tabla `maestros`
--

CREATE TABLE `maestros` (
  `id` int(11) NOT NULL,
  `id_usuario` int(11) NOT NULL,
  `idPlantel` int(5) DEFAULT NULL,
  `idUnidadNegocio` int(5) DEFAULT NULL,
  `url_foto` text,
  `comentarios` text NOT NULL,
  `fecha_creacion` datetime NOT NULL,
  `fecha_ultimo_cambio` datetime NOT NULL DEFAULT CURRENT_TIMESTAMP,
  `deleted` int(11) NOT NULL DEFAULT '0'
) ENGINE=InnoDB DEFAULT CHARSET=utf8mb4;

--
-- Volcado de datos para la tabla `maestros`
--

INSERT INTO `maestros` (`id`, `id_usuario`, `idPlantel`, `idUnidadNegocio`, `url_foto`, `comentarios`, `fecha_creacion`, `fecha_ultimo_cambio`, `deleted`) VALUES
(1, 24, 1, 1, NULL, 'esta es una prueba de teacher de inbi anahuac', '2020-11-26 16:08:25', '2020-11-26 16:08:25', 0),
(2, 25, 1, 1, NULL, 'usuario de prueba de teacher', '2020-11-26 16:09:54', '2020-12-12 09:43:31', 0),
(3, 26, 3, 1, NULL, 'prueba de teacher casa blanca', '2020-11-26 16:11:38', '2020-11-26 16:11:38', 0),
(4, 28, 1, 1, NULL, 's', '2020-12-12 15:14:59', '2020-12-12 15:14:59', 0),
(5, 38, 1, 1, 'uploads/Maestros/fotos/FotoArmandoMolinaMartínez.jpg', 'el teacher tiene disponibilidad full time', '2021-01-22 12:14:06', '2021-01-22 12:14:06', 0),
(6, 39, 6, 1, 'uploads/Maestros/fotos/FotoJabnely QuevedoRamirez.jpg', 'Solo puede las tardes', '2021-01-22 13:05:27', '2021-01-22 13:05:27', 0);

-- --------------------------------------------------------

--
-- Estructura de tabla para la tabla `modalidad`
--

CREATE TABLE `modalidad` (
  `id` int(11) NOT NULL,
  `nombre` varchar(60) NOT NULL,
  `descripcion` text NOT NULL,
  `estatus` int(2) NOT NULL,
  `fecha_creacion` datetime NOT NULL,
  `fecha_ultimo_cambio` datetime NOT NULL DEFAULT CURRENT_TIMESTAMP,
  `deleted` int(2) NOT NULL
) ENGINE=InnoDB DEFAULT CHARSET=latin1;

--
-- Volcado de datos para la tabla `modalidad`
--

INSERT INTO `modalidad` (`id`, `nombre`, `descripcion`, `estatus`, `fecha_creacion`, `fecha_ultimo_cambio`, `deleted`) VALUES
(1, 'Intensivo', 'Intensivo', 1, '2020-11-10 16:53:05', '2020-11-10 16:53:05', 0),
(2, 'Seminintensivo', 'Semintensivo', 0, '2020-11-03 16:53:05', '2020-11-10 16:53:05', 0);

-- --------------------------------------------------------

--
-- Estructura de tabla para la tabla `niveles_evaluacion`
--

CREATE TABLE `niveles_evaluacion` (
  `id` int(5) NOT NULL,
  `nombre` varchar(20) NOT NULL,
  `fecha_creacion` datetime NOT NULL,
  `fecha_ultimo_cambio` datetime NOT NULL,
  `deleted` int(11) NOT NULL DEFAULT '0'
) ENGINE=InnoDB DEFAULT CHARSET=latin1;

--
-- Volcado de datos para la tabla `niveles_evaluacion`
--

INSERT INTO `niveles_evaluacion` (`id`, `nombre`, `fecha_creacion`, `fecha_ultimo_cambio`, `deleted`) VALUES
(1, 'Nivel 1', '2020-10-07 17:29:09', '2020-10-07 17:29:09', 0),
(2, 'Nivel 2', '2020-10-07 17:29:09', '2020-10-07 17:29:09', 0),
(3, 'Nivel 3', '2020-10-07 17:29:09', '2020-10-07 17:29:09', 0),
(4, 'Nivel 4', '2020-10-07 17:29:09', '2020-10-07 17:29:09', 0),
(5, 'Nivel 5', '2020-10-07 17:29:09', '2020-10-07 17:29:09', 0),
(6, 'Nivel 6', '2020-10-07 17:29:09', '2020-10-07 17:29:09', 0),
(7, 'Nivel 7', '2020-10-07 17:29:09', '2020-10-07 17:29:09', 0),
(8, 'Nivel 8', '2020-10-07 17:29:09', '2020-10-07 17:29:09', 0),
(9, 'Nivel 9', '2020-10-07 17:29:09', '2020-10-07 17:29:09', 0),
(10, 'Nivel 10', '2020-10-07 17:29:09', '2020-10-07 17:29:09', 0),
(11, 'Nivel 11', '2020-10-07 17:29:09', '2020-10-07 17:29:09', 0),
(12, 'Nivel 12', '2020-10-07 17:29:09', '2020-10-07 17:29:09', 0),
(13, 'Nivel 13', '2020-10-07 17:29:09', '2020-10-07 17:29:09', 0),
(14, 'Nivel 14', '2020-10-07 17:29:09', '2020-10-07 17:29:09', 0);

-- --------------------------------------------------------

--
-- Estructura de tabla para la tabla `niveles_grupo`
--

CREATE TABLE `niveles_grupo` (
  `id` int(11) NOT NULL,
  `nombre` varchar(60) NOT NULL,
  `comentarios` text NOT NULL,
  `fecha_creacion` datetime NOT NULL,
  `fecha_ultimo_cambio` datetime NOT NULL DEFAULT CURRENT_TIMESTAMP,
  `deleted` int(2) NOT NULL
) ENGINE=InnoDB DEFAULT CHARSET=latin1;

--
-- Volcado de datos para la tabla `niveles_grupo`
--

INSERT INTO `niveles_grupo` (`id`, `nombre`, `comentarios`, `fecha_creacion`, `fecha_ultimo_cambio`, `deleted`) VALUES
(1, 'Nivel de prueba', 'Nivel de prueba aaaaa', '2020-11-11 16:14:42', '2020-11-11 16:14:54', 0);

-- --------------------------------------------------------

--
-- Estructura de tabla para la tabla `notificaciones`
--

CREATE TABLE `notificaciones` (
  `id` int(11) NOT NULL,
  `nombre` varchar(255) NOT NULL,
  `notificacion` text NOT NULL,
  `tipo_usuario` int(11) NOT NULL,
  `estatus` int(11) DEFAULT NULL,
  `fecha_inicio` date NOT NULL,
  `fecha_termina` date NOT NULL,
  `fecha_creacion` datetime NOT NULL,
  `fecha_ultimo_cambio` datetime NOT NULL ON UPDATE CURRENT_TIMESTAMP,
  `deleted` int(2) NOT NULL DEFAULT '0'
) ENGINE=InnoDB DEFAULT CHARSET=latin1;

--
-- Volcado de datos para la tabla `notificaciones`
--

INSERT INTO `notificaciones` (`id`, `nombre`, `notificacion`, `tipo_usuario`, `estatus`, `fecha_inicio`, `fecha_termina`, `fecha_creacion`, `fecha_ultimo_cambio`, `deleted`) VALUES
(1, 'Prueba', 'Notificaciones para estudiantes: Este texto es un ejemplo de notificaciones que el sistema le debe de mostrar al ESTUDIANTE.', 1, 1, '2020-12-07', '2020-12-11', '2020-12-07 18:57:40', '2020-12-08 14:49:30', 0),
(2, 'Notificación plataforma fase de prueba 1', 'Esta es una notificación de prueba desde el panel de administración de notificaciones.', 1, 1, '2020-12-09', '2020-12-10', '0000-00-00 00:00:00', '2020-12-08 14:47:59', 0),
(3, 'Notificaciones 3 de pruena para Editores', 'Prueba de notificaciones para Editores', 5, 1, '2020-12-09', '2020-12-10', '2020-12-07 18:55:16', '2020-12-09 09:36:40', 0),
(4, 'Notificacion de prueba para Teachers', 'Notificaciones de prueba usuario Teacher', 3, 1, '2020-12-08', '2020-12-10', '2020-12-08 16:43:22', '2020-12-08 16:54:02', 0),
(5, 'Notificaciones Sistema', 'Esta es una prueba de notificacion para el Editor del sistema Enero 2021', 4, 1, '2021-01-15', '2021-01-25', '2020-12-08 16:58:51', '2021-01-15 10:16:48', 0),
(6, 'PRUEBA-DSMM', 'Es una prueba DSMM', 1, 1, '2021-01-15', '2021-01-25', '2021-01-13 19:15:12', '2021-01-15 09:42:09', 0);

-- --------------------------------------------------------

--
-- Estructura de tabla para la tabla `paginas`
--

CREATE TABLE `paginas` (
  `id` int(11) NOT NULL,
  `nombre` varchar(60) DEFAULT NULL,
  `url` varchar(100) DEFAULT NULL,
  `descripcion` text,
  `estado` int(2) DEFAULT NULL,
  `fecha_creacion` datetime DEFAULT NULL,
  `fecha_ultimo_cambio` datetime DEFAULT NULL ON UPDATE CURRENT_TIMESTAMP,
  `deleted` int(11) NOT NULL DEFAULT '0'
) ENGINE=InnoDB DEFAULT CHARSET=utf8mb4;

--
-- Volcado de datos para la tabla `paginas`
--

INSERT INTO `paginas` (`id`, `nombre`, `url`, `descripcion`, `estado`, `fecha_creacion`, `fecha_ultimo_cambio`, `deleted`) VALUES
(1, 'Estudiantes', 'estudiante.php', NULL, 1, '2020-09-21 17:20:04', '2020-09-30 12:33:07', 0),
(2, 'Tutores', 'tutor.php', NULL, 1, '2020-09-21 17:20:06', '2020-09-30 12:33:15', 0),
(3, 'Maestros', 'teacher.php', NULL, 1, '2020-09-21 17:20:08', '2020-09-30 12:33:25', 0),
(4, 'Editores', 'editor.php', NULL, 1, '2020-09-21 17:20:10', '2020-09-30 12:33:37', 0),
(6, NULL, NULL, NULL, 1, '2020-09-21 17:20:14', '2020-09-21 17:20:27', 0);

-- --------------------------------------------------------

--
-- Estructura de tabla para la tabla `paises`
--

CREATE TABLE `paises` (
  `id` int(5) NOT NULL,
  `codigo` varchar(2) NOT NULL,
  `pais` varchar(100) NOT NULL
) ENGINE=InnoDB DEFAULT CHARSET=utf8;

--
-- Volcado de datos para la tabla `paises`
--

INSERT INTO `paises` (`id`, `codigo`, `pais`) VALUES
(1, 'AU', 'Australia'),
(2, 'CN', 'China'),
(3, 'JP', 'Japan'),
(4, 'TH', 'Thailand'),
(5, 'IN', 'India'),
(6, 'MY', 'Malaysia'),
(7, 'KR', 'Kore'),
(8, 'HK', 'Hong Kong'),
(9, 'TW', 'Taiwan'),
(10, 'PH', 'Philippines'),
(11, 'VN', 'Vietnam'),
(12, 'FR', 'France'),
(13, 'EU', 'Europe'),
(14, 'DE', 'Germany'),
(15, 'SE', 'Sweden'),
(16, 'IT', 'Italy'),
(17, 'GR', 'Greece'),
(18, 'ES', 'Spain'),
(19, 'AT', 'Austria'),
(20, 'GB', 'United Kingdom'),
(21, 'NL', 'Netherlands'),
(22, 'BE', 'Belgium'),
(23, 'CH', 'Switzerland'),
(24, 'AE', 'United Arab Emirates'),
(25, 'IL', 'Israel'),
(26, 'UA', 'Ukraine'),
(27, 'RU', 'Russian Federation'),
(28, 'KZ', 'Kazakhstan'),
(29, 'PT', 'Portugal'),
(30, 'SA', 'Saudi Arabia'),
(31, 'DK', 'Denmark'),
(32, 'IR', 'Ira'),
(33, 'NO', 'Norway'),
(34, 'US', 'United States'),
(35, 'MX', 'Mexico'),
(36, 'CA', 'Canada'),
(37, 'A1', 'Anonymous Proxy'),
(38, 'SY', 'Syrian Arab Republic'),
(39, 'CY', 'Cyprus'),
(40, 'CZ', 'Czech Republic'),
(41, 'IQ', 'Iraq'),
(42, 'TR', 'Turkey'),
(43, 'RO', 'Romania'),
(44, 'LB', 'Lebanon'),
(45, 'HU', 'Hungary'),
(46, 'GE', 'Georgia'),
(47, 'BR', 'Brazil'),
(48, 'AZ', 'Azerbaijan'),
(49, 'A2', 'Satellite Provider'),
(50, 'PS', 'Palestinian Territory'),
(51, 'LT', 'Lithuania'),
(52, 'OM', 'Oman'),
(53, 'SK', 'Slovakia'),
(54, 'RS', 'Serbia'),
(55, 'FI', 'Finland'),
(56, 'IS', 'Iceland'),
(57, 'BG', 'Bulgaria'),
(58, 'SI', 'Slovenia'),
(59, 'MD', 'Moldov'),
(60, 'MK', 'Macedonia'),
(61, 'LI', 'Liechtenstein'),
(62, 'JE', 'Jersey'),
(63, 'PL', 'Poland'),
(64, 'HR', 'Croatia'),
(65, 'BA', 'Bosnia and Herzegovina'),
(66, 'EE', 'Estonia'),
(67, 'LV', 'Latvia'),
(68, 'JO', 'Jordan'),
(69, 'KG', 'Kyrgyzstan'),
(70, 'RE', 'Reunion'),
(71, 'IE', 'Ireland'),
(72, 'LY', 'Libya'),
(73, 'LU', 'Luxembourg'),
(74, 'AM', 'Armenia'),
(75, 'VG', 'Virgin Island'),
(76, 'YE', 'Yemen'),
(77, 'BY', 'Belarus'),
(78, 'GI', 'Gibraltar'),
(79, 'MQ', 'Martinique'),
(80, 'PA', 'Panama'),
(81, 'DO', 'Dominican Republic'),
(82, 'GU', 'Guam'),
(83, 'PR', 'Puerto Rico'),
(84, 'VI', 'Virgin Island'),
(85, 'MN', 'Mongolia'),
(86, 'NZ', 'New Zealand'),
(87, 'SG', 'Singapore'),
(88, 'ID', 'Indonesia'),
(89, 'NP', 'Nepal'),
(90, 'PG', 'Papua New Guinea'),
(91, 'PK', 'Pakistan'),
(92, 'AP', 'Asia/Pacific Region'),
(93, 'BS', 'Bahamas'),
(94, 'LC', 'Saint Lucia'),
(95, 'AR', 'Argentina'),
(96, 'BD', 'Bangladesh'),
(97, 'TK', 'Tokelau'),
(98, 'KH', 'Cambodia'),
(99, 'MO', 'Macau'),
(100, 'MV', 'Maldives'),
(101, 'AF', 'Afghanistan'),
(102, 'NC', 'New Caledonia'),
(103, 'FJ', 'Fiji'),
(104, 'WF', 'Wallis and Futuna'),
(105, 'QA', 'Qatar'),
(106, 'AL', 'Albania'),
(107, 'BZ', 'Belize'),
(108, 'UZ', 'Uzbekistan'),
(109, 'KW', 'Kuwait'),
(110, 'ME', 'Montenegro'),
(111, 'PE', 'Peru'),
(112, 'BM', 'Bermuda'),
(113, 'CW', 'Curacao'),
(114, 'CO', 'Colombia'),
(115, 'VE', 'Venezuela'),
(116, 'CL', 'Chile'),
(117, 'EC', 'Ecuador'),
(118, 'ZA', 'South Africa'),
(119, 'IM', 'Isle of Man'),
(120, 'BO', 'Bolivia'),
(121, 'GG', 'Guernsey'),
(122, 'MT', 'Malta'),
(123, 'TJ', 'Tajikistan'),
(124, 'SC', 'Seychelles'),
(125, 'BH', 'Bahrain'),
(126, 'EG', 'Egypt'),
(127, 'ZW', 'Zimbabwe'),
(128, 'LR', 'Liberia'),
(129, 'KE', 'Kenya'),
(130, 'GH', 'Ghana'),
(131, 'NG', 'Nigeria'),
(132, 'TZ', 'Tanzani'),
(133, 'ZM', 'Zambia'),
(134, 'MG', 'Madagascar'),
(135, 'AO', 'Angola'),
(136, 'NA', 'Namibia'),
(137, 'CI', 'Cote D\'Ivoire'),
(138, 'SD', 'Sudan'),
(139, 'CM', 'Cameroon'),
(140, 'MW', 'Malawi'),
(141, 'GA', 'Gabon'),
(142, 'ML', 'Mali'),
(143, 'BJ', 'Benin'),
(144, 'TD', 'Chad'),
(145, 'BW', 'Botswana'),
(146, 'CV', 'Cape Verde'),
(147, 'RW', 'Rwanda'),
(148, 'CG', 'Congo'),
(149, 'UG', 'Uganda'),
(150, 'MZ', 'Mozambique'),
(151, 'GM', 'Gambia'),
(152, 'LS', 'Lesotho'),
(153, 'MU', 'Mauritius'),
(154, 'MA', 'Morocco'),
(155, 'DZ', 'Algeria'),
(156, 'GN', 'Guinea'),
(157, 'CD', 'Cong'),
(158, 'SZ', 'Swaziland'),
(159, 'BF', 'Burkina Faso'),
(160, 'SL', 'Sierra Leone'),
(161, 'SO', 'Somalia'),
(162, 'NE', 'Niger'),
(163, 'CF', 'Central African Republic'),
(164, 'TG', 'Togo'),
(165, 'BI', 'Burundi'),
(166, 'GQ', 'Equatorial Guinea'),
(167, 'SS', 'South Sudan'),
(168, 'SN', 'Senegal'),
(169, 'MR', 'Mauritania'),
(170, 'DJ', 'Djibouti'),
(171, 'KM', 'Comoros'),
(172, 'IO', 'British Indian Ocean Territory'),
(173, 'TN', 'Tunisia'),
(174, 'GL', 'Greenland'),
(175, 'VA', 'Holy See (Vatican City State)'),
(176, 'CR', 'Costa Rica'),
(177, 'KY', 'Cayman Islands'),
(178, 'JM', 'Jamaica'),
(179, 'GT', 'Guatemala'),
(180, 'MH', 'Marshall Islands'),
(181, 'AQ', 'Antarctica'),
(182, 'BB', 'Barbados'),
(183, 'AW', 'Aruba'),
(184, 'MC', 'Monaco'),
(185, 'AI', 'Anguilla'),
(186, 'KN', 'Saint Kitts and Nevis'),
(187, 'GD', 'Grenada'),
(188, 'PY', 'Paraguay'),
(189, 'MS', 'Montserrat'),
(190, 'TC', 'Turks and Caicos Islands'),
(191, 'AG', 'Antigua and Barbuda'),
(192, 'TV', 'Tuvalu'),
(193, 'PF', 'French Polynesia'),
(194, 'SB', 'Solomon Islands'),
(195, 'VU', 'Vanuatu'),
(196, 'ER', 'Eritrea'),
(197, 'TT', 'Trinidad and Tobago'),
(198, 'AD', 'Andorra'),
(199, 'HT', 'Haiti'),
(200, 'SH', 'Saint Helena'),
(201, 'FM', 'Micronesi'),
(202, 'SV', 'El Salvador'),
(203, 'HN', 'Honduras'),
(204, 'UY', 'Uruguay'),
(205, 'LK', 'Sri Lanka'),
(206, 'EH', 'Western Sahara'),
(207, 'CX', 'Christmas Island'),
(208, 'WS', 'Samoa'),
(209, 'SR', 'Suriname'),
(210, 'CK', 'Cook Islands'),
(211, 'KI', 'Kiribati'),
(212, 'NU', 'Niue'),
(213, 'TO', 'Tonga'),
(214, 'TF', 'French Southern Territories'),
(215, 'YT', 'Mayotte'),
(216, 'NF', 'Norfolk Island'),
(217, 'BN', 'Brunei Darussalam'),
(218, 'TM', 'Turkmenistan'),
(219, 'PN', 'Pitcairn Islands'),
(220, 'SM', 'San Marino'),
(221, 'AX', 'Aland Islands'),
(222, 'FO', 'Faroe Islands'),
(223, 'SJ', 'Svalbard and Jan Mayen'),
(224, 'CC', 'Cocos (Keeling) Islands'),
(225, 'NR', 'Nauru'),
(226, 'GS', 'South Georgia and the South Sandwich Islands'),
(227, 'UM', 'United States Minor Outlying Islands'),
(228, 'GW', 'Guinea-Bissau'),
(229, 'PW', 'Palau'),
(230, 'AS', 'American Samoa'),
(231, 'BT', 'Bhutan'),
(232, 'GF', 'French Guiana'),
(233, 'GP', 'Guadeloupe'),
(234, 'MF', 'Saint Martin'),
(235, 'VC', 'Saint Vincent and the Grenadines'),
(236, 'PM', 'Saint Pierre and Miquelon'),
(237, 'BL', 'Saint Barthelemy'),
(238, 'DM', 'Dominica'),
(239, 'ST', 'Sao Tome and Principe'),
(240, 'KP', 'Kore'),
(241, 'FK', 'Falkland Islands (Malvinas)'),
(242, 'MP', 'Northern Mariana Islands'),
(243, 'TL', 'Timor-Leste'),
(244, 'BQ', 'Bonair'),
(245, 'MM', 'Myanmar'),
(246, 'NI', 'Nicaragua'),
(247, 'SX', 'Sint Maarten (Dutch part)'),
(248, 'GY', 'Guyana'),
(249, 'LA', 'Lao People\'s Democratic Republic'),
(250, 'CU', 'Cuba'),
(251, 'ET', 'Ethiopia');

-- --------------------------------------------------------

--
-- Estructura de tabla para la tabla `planteles`
--

CREATE TABLE `planteles` (
  `id` int(5) NOT NULL,
  `nombre` varchar(50) DEFAULT NULL,
  `descripcion` text,
  `dirección` text,
  `id_unidad_negocio` int(11) NOT NULL,
  `fecha_creacion` datetime DEFAULT NULL,
  `fecha_ulitmo_cambio` datetime DEFAULT NULL ON UPDATE CURRENT_TIMESTAMP,
  `deleted` int(11) NOT NULL DEFAULT '0'
) ENGINE=InnoDB DEFAULT CHARSET=utf8mb4;

--
-- Volcado de datos para la tabla `planteles`
--

INSERT INTO `planteles` (`id`, `nombre`, `descripcion`, `dirección`, `id_unidad_negocio`, `fecha_creacion`, `fecha_ulitmo_cambio`, `deleted`) VALUES
(1, 'INBI Anahuac', 'Sucursal Aahuac', 'Calle José Santos Chocano 111, Anáhuac, 66450 San Nicolás de los Garza, N.L.', 1, '2020-10-02 16:30:50', '2020-11-06 14:02:54', 0),
(2, 'INBI Apodaca', 'Sucursal de Apodaca', 'Calle Guernica 127, Las Praderas, 66635 Ciudad Apodaca, N.L.', 1, '2020-10-02 16:30:57', '2020-11-06 14:02:54', 0),
(3, 'INBI Casa Blanca', 'Sucursal Casa Blanca', 'Av. Casa Blanca 505 A, Jardines de Casa Blanca, 66475 San Nicolas De Los Garza, N.L.', 1, '2020-10-02 16:31:03', '2020-11-06 14:02:54', 0),
(4, 'INBI Linda Vista', 'Sucursal Linda Vista', 'Av. Miguel Alemán 4319, Linda Vista, 67130 Guadalupe, N.L.', 1, '2020-10-02 16:33:13', '2020-11-06 14:02:54', 0),
(5, 'INBI Pablo Livas', 'Sucursal Pablo Livas', 'Pablo Livas Pablo Livas 17, La Playa, 67180 Guadalupe, N.L.', 1, '2020-10-02 16:33:15', '2020-11-06 14:02:54', 0),
(6, 'INBI San Miguel', 'Sucursal San Miguel', 'Blvd. Acapulco 201 Local E, Privada las Golodrinas, 66649 Apodaca, N.L.', 1, '2020-10-02 16:31:23', '2020-11-06 14:02:54', 0);

-- --------------------------------------------------------

--
-- Estructura de tabla para la tabla `preguntas`
--

CREATE TABLE `preguntas` (
  `id` int(11) NOT NULL,
  `idEvaluacion` int(10) DEFAULT NULL,
  `num_pregunta` int(11) DEFAULT NULL,
  `pregunta` text NOT NULL,
  `valor` int(3) DEFAULT NULL,
  `idTipoPregunta` int(3) DEFAULT NULL,
  `tiene_imagen` int(3) DEFAULT NULL,
  `ruta_imagen` text,
  `clave_pregunta_imagen` text,
  `tiene_audio_pregunta` int(3) DEFAULT NULL,
  `ruta_audio_pregunta` text,
  `clave_pregunta_audio` text,
  `fecha_creacion` datetime DEFAULT NULL,
  `fecha_ultimo_cambio` datetime DEFAULT NULL ON UPDATE CURRENT_TIMESTAMP,
  `deleted` int(11) NOT NULL DEFAULT '0'
) ENGINE=InnoDB DEFAULT CHARSET=utf8mb4;

--
-- Volcado de datos para la tabla `preguntas`
--

INSERT INTO `preguntas` (`id`, `idEvaluacion`, `num_pregunta`, `pregunta`, `valor`, `idTipoPregunta`, `tiene_imagen`, `ruta_imagen`, `clave_pregunta_imagen`, `tiene_audio_pregunta`, `ruta_audio_pregunta`, `clave_pregunta_audio`, `fecha_creacion`, `fecha_ultimo_cambio`, `deleted`) VALUES
(1, 34, 1, '', 10, 2, 1, 'uploads/EV3420201208184132/imagen-pregunta/preEV34202012081841321.jpg', NULL, 0, NULL, NULL, '2020-12-08 18:42:34', '2020-12-08 18:42:34', 0),
(2, 34, 2, '', 10, 2, 1, 'uploads/EV3420201208184132/imagen-pregunta/preEV34202012081841322.jpg', NULL, 0, NULL, NULL, '2020-12-08 18:42:53', '2020-12-08 18:42:53', 0),
(3, 34, 3, '', 10, 2, 1, 'uploads/EV3420201208184132/imagen-pregunta/preEV34202012081841323.jpg', NULL, 0, NULL, NULL, '2020-12-08 18:43:11', '2020-12-08 18:43:11', 0),
(4, 34, 4, '', 10, 2, 1, 'uploads/EV3420201208184132/imagen-pregunta/preEV34202012081841324.jpg', NULL, 0, NULL, NULL, '2020-12-08 18:43:33', '2020-12-08 18:43:33', 0),
(5, 34, 5, '', 10, 2, 1, 'uploads/EV3420201208184132/imagen-pregunta/preEV34202012081841325.jpg', NULL, 0, NULL, NULL, '2020-12-08 18:43:55', '2020-12-08 18:43:55', 0),
(6, 34, 6, '', 10, 2, 1, 'uploads/EV3420201208184132/imagen-pregunta/preEV34202012081841326.jpg', NULL, 0, NULL, NULL, '2020-12-08 18:44:27', '2020-12-08 18:44:27', 0),
(7, 34, 7, '', 10, 2, 1, 'uploads/EV3420201208184132/imagen-pregunta/preEV34202012081841327.jpg', NULL, 0, NULL, NULL, '2020-12-08 18:44:50', '2020-12-08 18:44:50', 0),
(8, 34, 8, '', 5, 2, 1, 'uploads/EV3420201208184132/imagen-pregunta/preEV34202012081841328.jpg', NULL, 0, NULL, NULL, '2020-12-08 18:45:16', '2020-12-08 18:45:16', 0),
(9, 34, 9, '', 5, 2, 1, 'uploads/EV3420201208184132/imagen-pregunta/preEV34202012081841329.jpg', NULL, 0, NULL, NULL, '2020-12-08 18:45:38', '2020-12-08 18:45:38', 0),
(10, 34, 10, '', 10, 2, 1, 'uploads/EV3420201208184132/imagen-pregunta/preEV342020120818413210.jpg', NULL, 0, NULL, NULL, '2020-12-08 18:46:13', '2020-12-08 18:46:13', 0),
(11, 34, 11, '', 5, 2, 1, 'uploads/EV3420201208184132/imagen-pregunta/preEV342020120818413211.jpg', NULL, 1, 'uploads/EV3420201208184132/audio-pregunta/preEV342020120818413211.mp3', NULL, '2020-12-08 18:46:41', '2020-12-08 18:46:41', 0),
(12, 34, 12, '', 5, 2, 1, 'uploads/EV3420201208184132/imagen-pregunta/preEV342020120818413212.jpg', NULL, 1, 'uploads/EV3420201208184132/audio-pregunta/preEV342020120818413212.mp3', NULL, '2020-12-08 18:47:09', '2020-12-08 18:47:09', 0),
(13, 35, 1, '', 1, 1, 0, NULL, NULL, 0, NULL, NULL, '2020-12-12 15:28:17', '2020-12-12 15:28:17', 0),
(14, 35, 2, '', 1, 1, 0, NULL, NULL, 0, NULL, NULL, '2020-12-12 15:28:49', '2020-12-12 15:28:49', 0),
(15, 32, 1, '', 10, 2, 1, 'uploads/EV3220201205121344/imagen-pregunta/preEV32202012051213441.jpg', NULL, 0, NULL, NULL, '2020-12-18 15:35:55', '2020-12-18 15:35:55', 0),
(16, 32, 2, '', 10, 2, 1, 'uploads/EV3220201205121344/imagen-pregunta/preEV32202012051213442.jpg', NULL, 0, NULL, NULL, '2020-12-18 15:36:32', '2020-12-18 15:36:32', 0),
(17, 32, 3, '', 10, 2, 1, 'uploads/EV3220201205121344/imagen-pregunta/preEV32202012051213443.jpg', NULL, 0, NULL, NULL, '2020-12-18 15:37:11', '2020-12-18 15:37:11', 0),
(18, 32, 4, '', 10, 2, 1, 'uploads/EV3220201205121344/imagen-pregunta/preEV32202012051213444.jpg', NULL, 0, NULL, NULL, '2020-12-18 15:37:36', '2020-12-18 15:37:36', 0),
(19, 33, 1, '', 20, 2, 0, NULL, NULL, 1, 'uploads/EV3320201207103840/audio-pregunta/preEV33202012071038401.mp3', NULL, '2020-12-18 15:38:39', '2020-12-18 15:38:39', 0),
(20, 33, 2, '', 20, 2, 0, NULL, NULL, 1, 'uploads/EV3320201207103840/audio-pregunta/preEV33202012071038402.mp3', NULL, '2020-12-18 15:39:05', '2020-12-18 15:39:05', 0),
(21, 33, 3, '', 20, 2, 0, NULL, NULL, 1, 'uploads/EV3320201207103840/audio-pregunta/preEV33202012071038403.mp3', NULL, '2020-12-18 15:39:45', '2020-12-18 15:39:45', 0),
(22, 33, 4, '', 20, 2, 0, NULL, NULL, 1, 'uploads/EV3320201207103840/audio-pregunta/preEV33202012071038404.mp3', NULL, '2020-12-18 15:40:06', '2020-12-18 15:40:06', 0),
(23, 33, 5, '', 20, 2, 0, NULL, NULL, 1, 'uploads/EV3320201207103840/audio-pregunta/preEV33202012071038405.mp3', NULL, '2020-12-18 15:40:28', '2020-12-18 15:40:28', 0),
(24, 37, 1, '', 20, 2, 0, NULL, NULL, 1, 'uploads/EV3720201218154131/audio-pregunta/preEV37202012181541311.mp3', NULL, '2020-12-18 15:42:10', '2020-12-18 15:42:10', 0),
(25, 37, 2, '', 20, 2, 0, NULL, NULL, 1, 'uploads/EV3720201218154131/audio-pregunta/preEV37202012181541312.mp3', NULL, '2020-12-18 15:42:26', '2020-12-18 15:42:26', 0),
(26, 37, 3, '', 20, 2, 0, NULL, NULL, 1, 'uploads/EV3720201218154131/audio-pregunta/preEV37202012181541313.mp3', NULL, '2020-12-18 15:42:44', '2020-12-18 15:42:44', 0),
(27, 37, 4, '', 20, 2, 0, NULL, NULL, 1, 'uploads/EV3720201218154131/audio-pregunta/preEV37202012181541314.mp3', NULL, '2020-12-18 15:43:04', '2020-12-18 15:43:04', 0),
(28, 37, 5, '', 20, 2, 0, NULL, NULL, 1, 'uploads/EV3720201218154131/audio-pregunta/preEV37202012181541315.mp3', NULL, '2020-12-18 15:43:28', '2020-12-18 15:43:28', 0),
(29, 37, 6, '', 20, 2, 0, NULL, NULL, 1, 'uploads/EV3720201218154131/audio-pregunta/preEV37202012181541316.mp3', NULL, '2020-12-18 15:44:41', '2020-12-18 15:44:41', 0),
(30, 37, 7, '', 20, 2, 0, NULL, NULL, 1, 'uploads/EV3720201218154131/audio-pregunta/preEV37202012181541317.mp3', NULL, '2020-12-18 15:47:40', '2020-12-18 15:47:40', 0),
(31, 32, 5, '', 20, 2, 0, NULL, NULL, 1, 'uploads/EV3220201205121344/audio-pregunta/preEV32202012051213445.mp3', NULL, '2020-12-18 15:50:51', '2020-12-18 15:50:51', 0),
(32, 32, 6, '', 20, 2, 0, NULL, NULL, 1, 'uploads/EV3220201205121344/audio-pregunta/preEV32202012051213446.mp3', NULL, '2020-12-18 15:51:41', '2020-12-18 15:51:41', 0),
(33, 41, 1, '', 10, 2, 1, 'recursos/Curso xyz/Nivel 1/Sesion1/EV4120210105180510/imagen-pregunta/preEV41202101051805101.jpg', NULL, 0, NULL, NULL, '2021-01-06 11:34:25', '2021-01-06 11:34:25', 0),
(34, 42, 1, '', 100, 2, 1, 'recursos/NIVEL 1/Nivel 1/Sesion10/EV4220210107143417/imagen-pregunta/preEV42202101071434171.jpg', NULL, 0, NULL, NULL, '2021-01-07 16:23:28', '2021-01-07 16:23:28', 0),
(35, 47, 1, '', 20, 2, 1, 'recursos/preba dsmm/Nivel 1/Sesion1/EV4720210107190025/imagen-pregunta/preEV47202101071900251.jpg', NULL, 0, NULL, NULL, '2021-01-07 19:01:24', '2021-01-07 19:01:24', 0),
(36, 48, 1, '', 100, 2, 1, 'recursos/NIVEL 1/Nivel 1/Sesion20/EV4820210108123231/imagen-pregunta/preEV48202101081232311.jpg', NULL, 0, NULL, NULL, '2021-01-08 12:34:42', '2021-01-08 12:34:42', 0),
(37, 50, 1, '', 10, 2, 1, 'recursos/Curso xyz/Nivel 1/Sesion1/EV5020210113171653/imagen-pregunta/preEV50202101131716531.jpg', NULL, 0, NULL, NULL, '2021-01-13 17:17:42', '2021-01-13 17:17:42', 0),
(38, 50, 2, '', 10, 2, 1, 'recursos/Curso xyz/Nivel 1/Sesion1/EV5020210113171653/imagen-pregunta/preEV50202101131716532.jpg', NULL, 0, NULL, NULL, '2021-01-13 17:18:07', '2021-01-13 17:18:07', 0),
(39, 50, 3, '', 10, 2, 1, 'recursos/Curso xyz/Nivel 1/Sesion1/EV5020210113171653/imagen-pregunta/preEV50202101131716533.jpg', NULL, 0, NULL, NULL, '2021-01-13 17:18:31', '2021-01-13 17:18:31', 0),
(40, 50, 4, '', 10, 2, 1, 'recursos/Curso xyz/Nivel 1/Sesion1/EV5020210113171653/imagen-pregunta/preEV50202101131716534.jpg', NULL, 0, NULL, NULL, '2021-01-13 17:18:54', '2021-01-13 17:18:54', 0),
(41, 50, 5, '', 10, 2, 1, 'recursos/Curso xyz/Nivel 1/Sesion1/EV5020210113171653/imagen-pregunta/preEV50202101131716535.jpg', NULL, 0, NULL, NULL, '2021-01-13 17:19:18', '2021-01-13 17:19:18', 0),
(42, 50, 6, '', 10, 2, 1, 'recursos/Curso xyz/Nivel 1/Sesion1/EV5020210113171653/imagen-pregunta/preEV50202101131716536.jpg', NULL, 0, NULL, NULL, '2021-01-13 17:19:44', '2021-01-13 17:19:44', 0),
(43, 50, 7, '', 10, 2, 1, 'recursos/Curso xyz/Nivel 1/Sesion1/EV5020210113171653/imagen-pregunta/preEV50202101131716537.jpg', NULL, 0, NULL, NULL, '2021-01-13 17:20:05', '2021-01-13 17:20:05', 0),
(44, 50, 8, '', 10, 2, 1, 'recursos/Curso xyz/Nivel 1/Sesion1/EV5020210113171653/imagen-pregunta/preEV50202101131716538.jpg', NULL, 0, NULL, NULL, '2021-01-13 17:20:26', '2021-01-13 17:20:26', 0),
(45, 50, 9, '', 10, 2, 1, 'recursos/Curso xyz/Nivel 1/Sesion1/EV5020210113171653/imagen-pregunta/preEV50202101131716539.jpg', NULL, 0, NULL, NULL, '2021-01-13 17:20:44', '2021-01-13 17:20:44', 0),
(46, 50, 10, '', 10, 2, 1, 'recursos/Curso xyz/Nivel 1/Sesion1/EV5020210113171653/imagen-pregunta/preEV502021011317165310.jpg', NULL, 0, NULL, NULL, '2021-01-13 17:21:07', '2021-01-20 16:07:38', 2021),
(47, 51, 1, '', 20, 2, 1, 'recursos/Curso xyz/Nivel 1/Sesion2/EV5120210113172734/imagen-pregunta/preEV51202101131727341.jpg', NULL, 0, NULL, NULL, '2021-01-13 17:28:05', '2021-01-13 17:28:05', 0),
(48, 51, 2, '', 20, 2, 1, 'recursos/Curso xyz/Nivel 1/Sesion2/EV5120210113172734/imagen-pregunta/preEV51202101131727342.jpg', NULL, 0, NULL, NULL, '2021-01-13 17:28:26', '2021-01-13 17:28:26', 0),
(49, 51, 3, '', 20, 2, 1, 'recursos/Curso xyz/Nivel 1/Sesion2/EV5120210113172734/imagen-pregunta/preEV51202101131727343.jpg', NULL, 0, NULL, NULL, '2021-01-13 17:28:47', '2021-01-13 17:28:47', 0),
(50, 51, 4, '', 20, 2, 1, 'recursos/Curso xyz/Nivel 1/Sesion2/EV5120210113172734/imagen-pregunta/preEV51202101131727344.jpg', NULL, 0, NULL, NULL, '2021-01-13 17:29:04', '2021-01-13 17:29:04', 0),
(51, 51, 5, '', 20, 2, 1, 'recursos/Curso xyz/Nivel 1/Sesion2/EV5120210113172734/imagen-pregunta/preEV51202101131727345.jpg', NULL, 0, NULL, NULL, '2021-01-13 17:29:22', '2021-01-13 17:29:22', 0),
(52, 52, 1, '', 20, 2, 1, 'recursos/Curso xyz/Nivel 1/Sesion1/EV5220210113173049/imagen-pregunta/preEV52202101131730491.jpg', NULL, 0, NULL, NULL, '2021-01-13 17:31:14', '2021-01-13 17:31:14', 0),
(53, 52, 2, '', 20, 2, 1, 'recursos/Curso xyz/Nivel 1/Sesion1/EV5220210113173049/imagen-pregunta/preEV52202101131730492.jpg', NULL, 0, NULL, NULL, '2021-01-13 17:31:42', '2021-01-13 17:31:42', 0),
(54, 52, 3, '', 20, 2, 1, 'recursos/Curso xyz/Nivel 1/Sesion1/EV5220210113173049/imagen-pregunta/preEV52202101131730493.jpg', NULL, 0, NULL, NULL, '2021-01-13 17:32:04', '2021-01-13 17:32:04', 0),
(55, 52, 4, '', 20, 2, 1, 'recursos/Curso xyz/Nivel 1/Sesion1/EV5220210113173049/imagen-pregunta/preEV52202101131730494.jpg', NULL, 0, NULL, NULL, '2021-01-13 17:32:24', '2021-01-13 17:32:24', 0),
(56, 52, 5, '', 20, 2, 1, 'recursos/Curso xyz/Nivel 1/Sesion1/EV5220210113173049/imagen-pregunta/preEV52202101131730495.jpg', NULL, 0, NULL, NULL, '2021-01-13 17:32:43', '2021-01-13 17:32:43', 0),
(57, 53, 1, '', 20, 2, 1, 'recursos/Curso xyz/Nivel 1/Sesion2/EV5320210113173318/imagen-pregunta/preEV53202101131733181.jpg', NULL, 0, NULL, NULL, '2021-01-13 17:33:37', '2021-01-13 17:33:37', 0),
(58, 53, 2, '', 20, 2, 0, NULL, NULL, 0, NULL, NULL, '2021-01-13 17:33:53', '2021-01-13 17:33:53', 0),
(59, 53, 3, '', 20, 2, 1, 'recursos/Curso xyz/Nivel 1/Sesion2/EV5320210113173318/imagen-pregunta/preEV53202101131733183.jpg', NULL, 0, NULL, NULL, '2021-01-13 17:34:13', '2021-01-13 17:34:13', 0),
(60, 53, 4, '', 20, 2, 1, 'recursos/Curso xyz/Nivel 1/Sesion2/EV5320210113173318/imagen-pregunta/preEV53202101131733184.jpg', NULL, 0, NULL, NULL, '2021-01-13 17:34:31', '2021-01-13 17:34:31', 0),
(61, 53, 5, '', 20, 2, 1, 'recursos/Curso xyz/Nivel 1/Sesion2/EV5320210113173318/imagen-pregunta/preEV53202101131733185.jpg', NULL, 0, NULL, NULL, '2021-01-13 17:34:49', '2021-01-21 14:23:11', 2021),
(62, 54, 1, '', 10, 2, 0, NULL, NULL, 0, NULL, NULL, '2021-01-13 19:18:06', '2021-01-13 19:18:06', 0),
(63, 56, 1, '', 20, 1, 0, NULL, NULL, 0, NULL, NULL, '2021-01-20 13:15:39', '2021-01-20 13:15:39', 0),
(64, 56, 2, '', 0, 2, 0, NULL, NULL, 0, NULL, NULL, '2021-01-20 13:16:07', '2021-01-20 13:16:07', 0),
(65, 56, 3, '', 50, 1, 0, NULL, NULL, 0, NULL, NULL, '2021-01-20 13:18:59', '2021-01-20 13:18:59', 0),
(66, 57, 1, '', 20, 1, 1, 'recursos/Terciado dsmm curso/Nivel 1/Sesion2/EV5720210120132634/imagen-pregunta/preEV57202101201326341.jpg', NULL, 0, NULL, NULL, '2021-01-20 13:27:13', '2021-01-20 13:27:13', 0),
(67, 50, 10, 'Pregunta de prueba 20 enero 2021', 10, 1, 0, NULL, NULL, 0, NULL, NULL, '2021-01-20 17:12:32', '2021-01-20 17:12:32', 0),
(68, 58, 1, '', 12, 2, 1, 'recursos/INBI online (lunes, miércoles y viernes)/Nivel 1/Sesion1/EV5820210121114838/imagen-pregunta/preEV58202101211148381.jpg', 'preEV58202101211148381.jpg', 0, NULL, NULL, '2021-01-21 11:52:18', '2021-01-21 11:52:18', 0),
(69, 58, 2, '', 13, 2, 1, 'recursos/INBI online (lunes, miércoles y viernes)/Nivel 1/Sesion1/EV5820210121114838/imagen-pregunta/preEV58202101211148382.jpg', 'preEV58202101211148382.jpg', 0, NULL, NULL, '2021-01-21 11:53:13', '2021-01-21 11:53:13', 0),
(70, 58, 3, '', 12, 2, 1, 'recursos/INBI online (lunes, miércoles y viernes)/Nivel 1/Sesion1/EV5820210121114838/imagen-pregunta/preEV58202101211148383.jpg', 'preEV58202101211148383.jpg', 0, NULL, NULL, '2021-01-21 11:54:22', '2021-01-21 11:54:22', 0),
(71, 58, 4, '', 13, 2, 1, 'recursos/INBI online (lunes, miércoles y viernes)/Nivel 1/Sesion1/EV5820210121114838/imagen-pregunta/preEV58202101211148384.jpg', 'preEV58202101211148384.jpg', 0, NULL, NULL, '2021-01-21 11:55:16', '2021-01-21 11:55:16', 0),
(72, 58, 5, '', 12, 2, 1, 'recursos/INBI online (lunes, miércoles y viernes)/Nivel 1/Sesion1/EV5820210121114838/imagen-pregunta/preEV58202101211148385.jpg', 'preEV58202101211148385.jpg', 0, NULL, NULL, '2021-01-21 11:56:27', '2021-01-21 11:56:27', 0),
(73, 58, 6, '', 13, 2, 1, 'recursos/INBI online (lunes, miércoles y viernes)/Nivel 1/Sesion1/EV5820210121114838/imagen-pregunta/preEV58202101211148386.jpg', 'preEV58202101211148386.jpg', 0, NULL, NULL, '2021-01-21 11:59:10', '2021-01-21 11:59:10', 0),
(74, 58, 7, '', 12, 2, 1, 'recursos/INBI online (lunes, miércoles y viernes)/Nivel 1/Sesion1/EV5820210121114838/imagen-pregunta/preEV58202101211148387.jpg', 'preEV58202101211148387.jpg', 0, NULL, NULL, '2021-01-21 11:59:55', '2021-01-21 11:59:55', 0),
(75, 58, 8, '', 13, 2, 1, 'recursos/INBI online (lunes, miércoles y viernes)/Nivel 1/Sesion1/EV5820210121114838/imagen-pregunta/preEV58202101211148388.jpg', 'preEV58202101211148388.jpg', 0, NULL, NULL, '2021-01-21 12:00:40', '2021-01-21 12:00:40', 0),
(76, 59, 1, '', 12, 2, 1, 'recursos/INBI online (lunes, miércoles y viernes)/Nivel 1/Sesion2/EV5920210121120507/imagen-pregunta/preEV59202101211205071.jpg', 'preEV59202101211205071.jpg', 0, NULL, NULL, '2021-01-21 12:06:01', '2021-01-21 11:07:00', 2021),
(77, 59, 2, '', 13, 2, 1, 'recursos/INBI online (lunes, miércoles y viernes)/Nivel 1/Sesion2/EV5920210121120507/imagen-pregunta/preEV59202101211205072.jpg', 'preEV59202101211205072.jpg', 0, NULL, NULL, '2021-01-21 12:06:49', '2021-01-21 11:07:06', 2021),
(78, 59, 1, '', 12, 2, 1, 'recursos/INBI online (lunes, miércoles y viernes)/Nivel 1/Sesion2/EV5920210121120507/imagen-pregunta/preEV59202101211205071.jpg', 'preEV59202101211205071.jpg', 0, NULL, NULL, '2021-01-21 12:07:39', '2021-01-21 12:07:39', 0),
(79, 59, 2, '', 13, 2, 1, 'recursos/INBI online (lunes, miércoles y viernes)/Nivel 1/Sesion2/EV5920210121120507/imagen-pregunta/preEV59202101211205072.jpg', 'preEV59202101211205072.jpg', 0, NULL, NULL, '2021-01-21 12:09:15', '2021-01-21 12:09:15', 0),
(80, 59, 3, '', 12, 2, 1, 'recursos/INBI online (lunes, miércoles y viernes)/Nivel 1/Sesion2/EV5920210121120507/imagen-pregunta/preEV59202101211205073.jpg', 'preEV59202101211205073.jpg', 0, NULL, NULL, '2021-01-21 12:09:52', '2021-01-21 12:09:52', 0),
(81, 59, 4, '', 12, 2, 1, 'recursos/INBI online (lunes, miércoles y viernes)/Nivel 1/Sesion2/EV5920210121120507/imagen-pregunta/preEV59202101211205074.jpg', 'preEV59202101211205074.jpg', 0, NULL, NULL, '2021-01-21 12:10:21', '2021-01-21 12:10:21', 0),
(82, 59, 5, '', 14, 2, 1, 'recursos/INBI online (lunes, miércoles y viernes)/Nivel 1/Sesion2/EV5920210121120507/imagen-pregunta/preEV59202101211205075.jpg', 'preEV59202101211205075.jpg', 0, NULL, NULL, '2021-01-21 12:11:46', '2021-01-21 12:11:46', 0),
(83, 59, 6, '', 13, 2, 1, 'recursos/INBI online (lunes, miércoles y viernes)/Nivel 1/Sesion2/EV5920210121120507/imagen-pregunta/preEV59202101211205076.jpg', 'preEV59202101211205076.jpg', 0, NULL, NULL, '2021-01-21 12:12:14', '2021-01-21 12:12:14', 0),
(84, 59, 7, '', 12, 2, 1, 'recursos/INBI online (lunes, miércoles y viernes)/Nivel 1/Sesion2/EV5920210121120507/imagen-pregunta/preEV59202101211205077.jpg', 'preEV59202101211205077.jpg', 0, NULL, NULL, '2021-01-21 12:12:53', '2021-01-21 12:12:53', 0),
(85, 59, 8, '', 12, 2, 1, 'recursos/INBI online (lunes, miércoles y viernes)/Nivel 1/Sesion2/EV5920210121120507/imagen-pregunta/preEV59202101211205078.jpg', 'preEV59202101211205078.jpg', 0, NULL, NULL, '2021-01-21 12:14:34', '2021-01-21 12:14:34', 0),
(86, 60, 1, '', 20, 2, 1, 'recursos/INBI online (lunes, miércoles y viernes)/Nivel 1/Sesion3/EV6020210121121522/imagen-pregunta/preEV60202101211215221.jpg', 'preEV60202101211215221.jpg', 0, NULL, NULL, '2021-01-21 12:16:35', '2021-01-21 12:16:35', 0),
(87, 60, 2, '', 30, 2, 1, 'recursos/INBI online (lunes, miércoles y viernes)/Nivel 1/Sesion3/EV6020210121121522/imagen-pregunta/preEV60202101211215222.jpg', 'preEV60202101211215222.jpg', 0, NULL, NULL, '2021-01-21 12:17:12', '2021-01-21 12:17:12', 0),
(88, 60, 3, '', 25, 2, 1, 'recursos/INBI online (lunes, miércoles y viernes)/Nivel 1/Sesion3/EV6020210121121522/imagen-pregunta/preEV60202101211215223.jpg', 'preEV60202101211215223.jpg', 0, NULL, NULL, '2021-01-21 12:18:07', '2021-01-21 12:18:07', 0),
(89, 60, 4, '', 25, 2, 1, 'recursos/INBI online (lunes, miércoles y viernes)/Nivel 1/Sesion3/EV6020210121121522/imagen-pregunta/preEV60202101211215224.jpg', 'preEV60202101211215224.jpg', 0, NULL, NULL, '2021-01-21 12:18:54', '2021-01-21 12:18:54', 0),
(90, 61, 1, '', 10, 2, 1, 'recursos/INBI online (lunes, miércoles y viernes)/Nivel 1/Sesion4/EV6120210121122517/imagen-pregunta/preEV61202101211225171.jpg', 'preEV61202101211225171.jpg', 0, NULL, NULL, '2021-01-21 12:26:17', '2021-01-21 12:26:17', 0),
(91, 61, 2, '', 10, 2, 1, 'recursos/INBI online (lunes, miércoles y viernes)/Nivel 1/Sesion4/EV6120210121122517/imagen-pregunta/preEV61202101211225172.jpg', 'preEV61202101211225172.jpg', 0, NULL, NULL, '2021-01-21 12:26:55', '2021-01-21 12:26:55', 0),
(92, 61, 3, '', 10, 2, 1, 'recursos/INBI online (lunes, miércoles y viernes)/Nivel 1/Sesion4/EV6120210121122517/imagen-pregunta/preEV61202101211225173.jpg', 'preEV61202101211225173.jpg', 0, NULL, NULL, '2021-01-21 12:27:23', '2021-01-21 12:27:23', 0),
(93, 61, 4, '', 10, 2, 1, 'recursos/INBI online (lunes, miércoles y viernes)/Nivel 1/Sesion4/EV6120210121122517/imagen-pregunta/preEV61202101211225174.jpg', 'preEV61202101211225174.jpg', 0, NULL, NULL, '2021-01-21 12:28:08', '2021-01-21 12:28:08', 0),
(94, 61, 5, '', 5, 2, 1, 'recursos/INBI online (lunes, miércoles y viernes)/Nivel 1/Sesion4/EV6120210121122517/imagen-pregunta/preEV61202101211225175.jpg', 'preEV61202101211225175.jpg', 1, 'recursos/INBI online (lunes, miércoles y viernes)/Nivel 1/Sesion4/EV6120210121122517/audio-pregunta/preEV61202101211225175.mp3', 'preEV61202101211225175.mp3', '2021-01-21 12:29:34', '2021-01-21 12:29:34', 0),
(95, 61, 6, '', 0, 6, 1, 'recursos/INBI online (lunes, miércoles y viernes)/Nivel 1/Sesion4/EV6120210121122517/imagen-pregunta/preEV61202101211225176.jpg', 'preEV61202101211225176.jpg', 0, NULL, NULL, '2021-01-21 12:29:55', '2021-01-21 12:29:55', 0),
(96, 61, 7, '', 5, 2, 1, 'recursos/INBI online (lunes, miércoles y viernes)/Nivel 1/Sesion4/EV6120210121122517/imagen-pregunta/preEV61202101211225177.jpg', 'preEV61202101211225177.jpg', 0, NULL, NULL, '2021-01-21 12:30:39', '2021-01-21 12:30:39', 0),
(97, 61, 8, '', 10, 2, 1, 'recursos/INBI online (lunes, miércoles y viernes)/Nivel 1/Sesion4/EV6120210121122517/imagen-pregunta/preEV61202101211225178.jpg', 'preEV61202101211225178.jpg', 0, NULL, NULL, '2021-01-21 12:32:13', '2021-01-21 12:32:13', 0),
(98, 61, 9, '', 10, 2, 1, 'recursos/INBI online (lunes, miércoles y viernes)/Nivel 1/Sesion4/EV6120210121122517/imagen-pregunta/preEV61202101211225179.jpg', 'preEV61202101211225179.jpg', 0, NULL, NULL, '2021-01-21 12:32:44', '2021-01-21 12:32:44', 0),
(99, 61, 10, '', 10, 2, 1, 'recursos/INBI online (lunes, miércoles y viernes)/Nivel 1/Sesion4/EV6120210121122517/imagen-pregunta/preEV612021012112251710.jpg', 'preEV612021012112251710.jpg', 0, NULL, NULL, '2021-01-21 12:33:11', '2021-01-21 12:33:11', 0),
(100, 61, 11, '', 10, 2, 1, 'recursos/INBI online (lunes, miércoles y viernes)/Nivel 1/Sesion4/EV6120210121122517/imagen-pregunta/preEV612021012112251711.jpg', 'preEV612021012112251711.jpg', 0, NULL, NULL, '2021-01-21 12:33:39', '2021-01-21 12:33:39', 0),
(101, 61, 12, '', 5, 2, 1, 'recursos/INBI online (lunes, miércoles y viernes)/Nivel 1/Sesion4/EV6120210121122517/imagen-pregunta/preEV612021012112251712.jpg', 'preEV612021012112251712.jpg', 1, 'recursos/INBI online (lunes, miércoles y viernes)/Nivel 1/Sesion4/EV6120210121122517/audio-pregunta/preEV612021012112251712.mp3', 'preEV612021012112251712.mp3', '2021-01-21 12:34:42', '2021-01-21 12:34:42', 0),
(102, 61, 13, '', 0, 6, 1, 'recursos/INBI online (lunes, miércoles y viernes)/Nivel 1/Sesion4/EV6120210121122517/imagen-pregunta/preEV612021012112251713.jpg', 'preEV612021012112251713.jpg', 0, NULL, NULL, '2021-01-21 12:34:56', '2021-01-21 12:34:56', 0),
(103, 61, 14, '', 5, 2, 1, 'recursos/INBI online (lunes, miércoles y viernes)/Nivel 1/Sesion4/EV6120210121122517/imagen-pregunta/preEV612021012112251714.jpg', 'preEV612021012112251714.jpg', 0, NULL, NULL, '2021-01-21 12:35:31', '2021-01-21 12:35:31', 0),
(105, 62, 1, '', 10, 2, 1, 'recursos/INBI online (lunes, miércoles y viernes)/Nivel 1/Sesion5/EV6220210121130409/imagen-pregunta/preEV62202101211304091.jpg', 'preEV62202101211304091.jpg', 0, NULL, NULL, '2021-01-21 13:19:30', '2021-01-21 13:19:30', 0),
(106, 62, 2, '', 10, 2, 1, 'recursos/INBI online (lunes, miércoles y viernes)/Nivel 1/Sesion5/EV6220210121130409/imagen-pregunta/preEV62202101211304092.jpg', 'preEV62202101211304092.jpg', 0, NULL, NULL, '2021-01-21 13:20:08', '2021-01-21 13:20:08', 0),
(107, 62, 3, '', 10, 2, 1, 'recursos/INBI online (lunes, miércoles y viernes)/Nivel 1/Sesion5/EV6220210121130409/imagen-pregunta/preEV62202101211304093.jpg', 'preEV62202101211304093.jpg', 0, NULL, NULL, '2021-01-21 13:20:43', '2021-01-21 13:20:43', 0),
(108, 62, 4, '', 10, 2, 1, 'recursos/INBI online (lunes, miércoles y viernes)/Nivel 1/Sesion5/EV6220210121130409/imagen-pregunta/preEV62202101211304094.jpg', 'preEV62202101211304094.jpg', 0, NULL, NULL, '2021-01-21 13:21:12', '2021-01-21 13:21:12', 0),
(109, 62, 5, '', 10, 2, 1, 'recursos/INBI online (lunes, miércoles y viernes)/Nivel 1/Sesion5/EV6220210121130409/imagen-pregunta/preEV62202101211304095.jpg', 'preEV62202101211304095.jpg', 1, 'recursos/INBI online (lunes, miércoles y viernes)/Nivel 1/Sesion5/EV6220210121130409/audio-pregunta/preEV62202101211304095.mp3', 'preEV62202101211304095.mp3', '2021-01-21 13:22:06', '2021-01-21 13:22:06', 0),
(110, 62, 6, '', 10, 2, 1, 'recursos/INBI online (lunes, miércoles y viernes)/Nivel 1/Sesion5/EV6220210121130409/imagen-pregunta/preEV62202101211304096.jpg', 'preEV62202101211304096.jpg', 0, NULL, NULL, '2021-01-21 13:23:14', '2021-01-21 13:23:14', 0),
(111, 62, 7, '', 10, 2, 1, 'recursos/INBI online (lunes, miércoles y viernes)/Nivel 1/Sesion5/EV6220210121130409/imagen-pregunta/preEV62202101211304097.jpg', 'preEV62202101211304097.jpg', 0, NULL, NULL, '2021-01-21 13:23:39', '2021-01-21 13:23:39', 0),
(112, 62, 8, '', 10, 2, 1, 'recursos/INBI online (lunes, miércoles y viernes)/Nivel 1/Sesion5/EV6220210121130409/imagen-pregunta/preEV62202101211304098.jpg', 'preEV62202101211304098.jpg', 0, NULL, NULL, '2021-01-21 13:24:09', '2021-01-21 13:24:09', 0),
(113, 62, 9, '', 10, 2, 1, 'recursos/INBI online (lunes, miércoles y viernes)/Nivel 1/Sesion5/EV6220210121130409/imagen-pregunta/preEV62202101211304099.jpg', 'preEV62202101211304099.jpg', 0, NULL, NULL, '2021-01-21 13:24:36', '2021-01-21 13:24:36', 0),
(114, 62, 10, '', 10, 2, 1, 'recursos/INBI online (lunes, miércoles y viernes)/Nivel 1/Sesion5/EV6220210121130409/imagen-pregunta/preEV622021012113040910.jpg', 'preEV622021012113040910.jpg', 1, 'recursos/INBI online (lunes, miércoles y viernes)/Nivel 1/Sesion5/EV6220210121130409/audio-pregunta/preEV622021012113040910.mp3', 'preEV622021012113040910.mp3', '2021-01-21 13:25:29', '2021-01-21 13:25:29', 0),
(124, 64, 1, '', 10, 2, 1, 'recursos/INBI online (lunes, miércoles y viernes)/Nivel 1/Sesion7/EV6420210121140848/imagen-pregunta/preEV64202101211408481.jpg', 'preEV64202101211408481.jpg', 0, NULL, NULL, '2021-01-21 14:10:18', '2021-01-21 14:10:18', 0),
(125, 64, 2, '', 10, 2, 1, 'recursos/INBI online (lunes, miércoles y viernes)/Nivel 1/Sesion7/EV6420210121140848/imagen-pregunta/preEV64202101211408482.jpg', 'preEV64202101211408482.jpg', 0, NULL, NULL, '2021-01-21 14:10:48', '2021-01-21 14:10:48', 0),
(126, 64, 3, '', 10, 2, 1, 'recursos/INBI online (lunes, miércoles y viernes)/Nivel 1/Sesion7/EV6420210121140848/imagen-pregunta/preEV64202101211408483.jpg', 'preEV64202101211408483.jpg', 0, NULL, NULL, '2021-01-21 14:11:51', '2021-01-21 14:11:51', 0),
(127, 64, 4, '', 10, 2, 1, 'recursos/INBI online (lunes, miércoles y viernes)/Nivel 1/Sesion7/EV6420210121140848/imagen-pregunta/preEV64202101211408484.jpg', 'preEV64202101211408484.jpg', 0, NULL, NULL, '2021-01-21 14:12:20', '2021-01-21 14:12:20', 0),
(128, 64, 5, '', 10, 2, 1, 'recursos/INBI online (lunes, miércoles y viernes)/Nivel 1/Sesion7/EV6420210121140848/imagen-pregunta/preEV64202101211408485.jpg', 'preEV64202101211408485.jpg', 1, 'recursos/INBI online (lunes, miércoles y viernes)/Nivel 1/Sesion7/EV6420210121140848/audio-pregunta/preEV64202101211408485.mp3', 'preEV64202101211408485.mp3', '2021-01-21 14:13:21', '2021-01-21 14:13:21', 0),
(129, 64, 6, '', 10, 2, 1, 'recursos/INBI online (lunes, miércoles y viernes)/Nivel 1/Sesion7/EV6420210121140848/imagen-pregunta/preEV64202101211408486.jpg', 'preEV64202101211408486.jpg', 0, NULL, NULL, '2021-01-21 14:14:36', '2021-01-21 14:14:36', 0),
(130, 64, 7, '', 10, 2, 1, 'recursos/INBI online (lunes, miércoles y viernes)/Nivel 1/Sesion7/EV6420210121140848/imagen-pregunta/preEV64202101211408487.jpg', 'preEV64202101211408487.jpg', 0, NULL, NULL, '2021-01-21 14:15:05', '2021-01-21 14:15:05', 0),
(131, 64, 8, '', 10, 2, 1, 'recursos/INBI online (lunes, miércoles y viernes)/Nivel 1/Sesion7/EV6420210121140848/imagen-pregunta/preEV64202101211408488.jpg', 'preEV64202101211408488.jpg', 0, NULL, NULL, '2021-01-21 14:15:54', '2021-01-21 14:15:54', 0),
(132, 64, 9, '', 10, 2, 1, 'recursos/INBI online (lunes, miércoles y viernes)/Nivel 1/Sesion7/EV6420210121140848/imagen-pregunta/preEV64202101211408489.jpg', 'preEV64202101211408489.jpg', 0, NULL, NULL, '2021-01-21 14:16:18', '2021-01-21 14:16:18', 0),
(133, 64, 10, '', 10, 2, 1, 'recursos/INBI online (lunes, miércoles y viernes)/Nivel 1/Sesion7/EV6420210121140848/imagen-pregunta/preEV642021012114084810.jpg', 'preEV642021012114084810.jpg', 1, 'recursos/INBI online (lunes, miércoles y viernes)/Nivel 1/Sesion7/EV6420210121140848/audio-pregunta/preEV642021012114084810.mp3', 'preEV642021012114084810.mp3', '2021-01-21 14:26:26', '2021-01-21 14:26:26', 0),
(134, 53, 5, 'It\'s ok', 20, 1, 0, NULL, NULL, 0, NULL, NULL, '2021-01-21 15:23:33', '2021-01-21 15:23:33', 0),
(142, 65, 1, '', 10, 2, 1, 'recursos/INBI online (lunes, miércoles y viernes)/Nivel 1/Sesion8/EV6520210121175814/imagen-pregunta/preEV65202101211758141.jpg', 'preEV65202101211758141.jpg', 0, NULL, NULL, '2021-01-21 17:59:46', '2021-01-21 17:59:46', 0),
(143, 65, 2, '', 10, 2, 1, 'recursos/INBI online (lunes, miércoles y viernes)/Nivel 1/Sesion8/EV6520210121175814/imagen-pregunta/preEV65202101211758142.jpg', 'preEV65202101211758142.jpg', 0, NULL, NULL, '2021-01-21 18:00:11', '2021-01-21 18:00:11', 0),
(144, 65, 3, '', 10, 2, 1, 'recursos/INBI online (lunes, miércoles y viernes)/Nivel 1/Sesion8/EV6520210121175814/imagen-pregunta/preEV65202101211758143.jpg', 'preEV65202101211758143.jpg', 0, NULL, NULL, '2021-01-21 18:00:42', '2021-01-21 18:00:42', 0),
(145, 65, 4, '', 10, 2, 1, 'recursos/INBI online (lunes, miércoles y viernes)/Nivel 1/Sesion8/EV6520210121175814/imagen-pregunta/preEV65202101211758144.jpg', 'preEV65202101211758144.jpg', 0, NULL, NULL, '2021-01-21 18:01:08', '2021-01-21 18:01:08', 0),
(146, 65, 5, '', 10, 2, 1, 'recursos/INBI online (lunes, miércoles y viernes)/Nivel 1/Sesion8/EV6520210121175814/imagen-pregunta/preEV65202101211758145.jpg', 'preEV65202101211758145.jpg', 1, 'recursos/INBI online (lunes, miércoles y viernes)/Nivel 1/Sesion8/EV6520210121175814/audio-pregunta/preEV65202101211758145.mp3', 'preEV65202101211758145.mp3', '2021-01-21 18:02:10', '2021-01-21 18:02:10', 0),
(147, 65, 6, '', 10, 2, 1, 'recursos/INBI online (lunes, miércoles y viernes)/Nivel 1/Sesion8/EV6520210121175814/imagen-pregunta/preEV65202101211758146.jpg', 'preEV65202101211758146.jpg', 0, NULL, NULL, '2021-01-21 18:03:18', '2021-01-21 18:03:18', 0),
(148, 65, 7, '', 10, 2, 1, 'recursos/INBI online (lunes, miércoles y viernes)/Nivel 1/Sesion8/EV6520210121175814/imagen-pregunta/preEV65202101211758147.jpg', 'preEV65202101211758147.jpg', 0, NULL, NULL, '2021-01-21 18:04:06', '2021-01-21 18:04:06', 0),
(149, 65, 8, '', 10, 2, 1, 'recursos/INBI online (lunes, miércoles y viernes)/Nivel 1/Sesion8/EV6520210121175814/imagen-pregunta/preEV65202101211758148.jpg', 'preEV65202101211758148.jpg', 0, NULL, NULL, '2021-01-21 18:04:39', '2021-01-21 18:04:39', 0),
(150, 65, 9, '', 10, 2, 1, 'recursos/INBI online (lunes, miércoles y viernes)/Nivel 1/Sesion8/EV6520210121175814/imagen-pregunta/preEV65202101211758149.jpg', 'preEV65202101211758149.jpg', 0, NULL, NULL, '2021-01-21 18:05:06', '2021-01-21 18:05:06', 0),
(151, 65, 10, '', 10, 2, 1, 'recursos/INBI online (lunes, miércoles y viernes)/Nivel 1/Sesion8/EV6520210121175814/imagen-pregunta/preEV652021012117581410.jpg', 'preEV652021012117581410.jpg', 1, 'recursos/INBI online (lunes, miércoles y viernes)/Nivel 1/Sesion8/EV6520210121175814/audio-pregunta/preEV652021012117581410.mp3', 'preEV652021012117581410.mp3', '2021-01-21 18:05:56', '2021-01-21 18:05:56', 0),
(155, 67, 1, '', 10, 2, 1, 'recursos/INBI online (lunes, miércoles y viernes)/Nivel 1/Sesion10/EV6720210121182551/imagen-pregunta/preEV67202101211825511.jpg', 'preEV67202101211825511.jpg', 0, NULL, NULL, '2021-01-21 18:26:53', '2021-01-21 17:27:01', 2021),
(156, 67, 1, '', 10, 2, 1, 'recursos/INBI online (lunes, miércoles y viernes)/Nivel 1/Sesion10/EV6720210121182551/imagen-pregunta/preEV67202101211825511.jpg', 'preEV67202101211825511.jpg', 0, NULL, NULL, '2021-01-21 18:27:33', '2021-01-21 17:27:38', 2021),
(157, 67, 1, '', 10, 2, 1, 'recursos/INBI online (lunes, miércoles y viernes)/Nivel 1/Sesion10/EV6720210121182551/imagen-pregunta/preEV67202101211825511.jpg', 'preEV67202101211825511.jpg', 0, NULL, NULL, '2021-01-21 18:28:22', '2021-01-21 18:28:22', 0),
(159, 67, 2, '', 10, 2, 1, 'recursos/INBI online (lunes, miércoles y viernes)/Nivel 1/Sesion10/EV6720210121182551/imagen-pregunta/preEV67202101211825512.jpg', 'preEV67202101211825512.jpg', 0, NULL, NULL, '2021-01-21 18:29:34', '2021-01-21 18:29:34', 0),
(160, 67, 3, '', 10, 2, 1, 'recursos/INBI online (lunes, miércoles y viernes)/Nivel 1/Sesion10/EV6720210121182551/imagen-pregunta/preEV67202101211825513.jpg', 'preEV67202101211825513.jpg', 0, NULL, NULL, '2021-01-21 18:29:59', '2021-01-21 18:29:59', 0),
(161, 67, 4, '', 10, 2, 1, 'recursos/INBI online (lunes, miércoles y viernes)/Nivel 1/Sesion10/EV6720210121182551/imagen-pregunta/preEV67202101211825514.jpg', 'preEV67202101211825514.jpg', 0, NULL, NULL, '2021-01-21 18:30:25', '2021-01-21 18:30:25', 0),
(162, 67, 5, '', 10, 2, 1, 'recursos/INBI online (lunes, miércoles y viernes)/Nivel 1/Sesion10/EV6720210121182551/imagen-pregunta/preEV67202101211825515.jpg', 'preEV67202101211825515.jpg', 1, 'recursos/INBI online (lunes, miércoles y viernes)/Nivel 1/Sesion10/EV6720210121182551/audio-pregunta/preEV67202101211825515.mp3', 'preEV67202101211825515.mp3', '2021-01-21 18:31:24', '2021-01-21 18:31:24', 0),
(163, 67, 6, '', 10, 2, 1, 'recursos/INBI online (lunes, miércoles y viernes)/Nivel 1/Sesion10/EV6720210121182551/imagen-pregunta/preEV67202101211825516.jpg', 'preEV67202101211825516.jpg', 0, NULL, NULL, '2021-01-21 18:32:19', '2021-01-21 18:32:19', 0),
(164, 67, 7, '', 10, 2, 1, 'recursos/INBI online (lunes, miércoles y viernes)/Nivel 1/Sesion10/EV6720210121182551/imagen-pregunta/preEV67202101211825517.jpg', 'preEV67202101211825517.jpg', 0, NULL, NULL, '2021-01-21 18:32:45', '2021-01-21 18:32:45', 0),
(165, 67, 8, '', 10, 2, 1, 'recursos/INBI online (lunes, miércoles y viernes)/Nivel 1/Sesion10/EV6720210121182551/imagen-pregunta/preEV67202101211825518.jpg', 'preEV67202101211825518.jpg', 0, NULL, NULL, '2021-01-21 18:33:11', '2021-01-21 18:33:11', 0),
(166, 67, 9, '', 10, 2, 1, 'recursos/INBI online (lunes, miércoles y viernes)/Nivel 1/Sesion10/EV6720210121182551/imagen-pregunta/preEV67202101211825519.jpg', 'preEV67202101211825519.jpg', 0, NULL, NULL, '2021-01-21 18:33:40', '2021-01-21 18:33:40', 0),
(167, 67, 10, '', 10, 2, 1, 'recursos/INBI online (lunes, miércoles y viernes)/Nivel 1/Sesion10/EV6720210121182551/imagen-pregunta/preEV672021012118255110.jpg', 'preEV672021012118255110.jpg', 1, 'recursos/INBI online (lunes, miércoles y viernes)/Nivel 1/Sesion10/EV6720210121182551/audio-pregunta/preEV672021012118255110.mp3', 'preEV672021012118255110.mp3', '2021-01-21 18:34:21', '2021-01-21 18:34:21', 0),
(181, 66, 3, '', 10, 2, 1, 'recursos/INBI online (lunes, miércoles y viernes)/Nivel 1/Sesion9/EV6620210121180721/imagen-pregunta/preEV66202101211807213.jpg', 'preEV66202101211807213.jpg', 0, NULL, NULL, '2021-01-21 18:58:20', '2021-01-22 10:32:05', 2021),
(199, 66, 1, '', 20, 2, 1, 'recursos/INBI online (lunes, miércoles y viernes)/Nivel 1/Sesion9/EV6620210121180721/imagen-pregunta/preEV66202101211807211.jpg', 'preEV66202101211807211.jpg', 0, NULL, NULL, '2021-01-22 12:24:54', '2021-01-22 12:24:54', 0),
(200, 66, 2, '', 20, 2, 1, 'recursos/INBI online (lunes, miércoles y viernes)/Nivel 1/Sesion9/EV6620210121180721/imagen-pregunta/preEV66202101211807212.jpg', 'preEV66202101211807212.jpg', 0, NULL, NULL, '2021-01-22 12:25:19', '2021-01-22 12:25:19', 0),
(201, 66, 3, '', 20, 2, 1, 'recursos/INBI online (lunes, miércoles y viernes)/Nivel 1/Sesion9/EV6620210121180721/imagen-pregunta/preEV66202101211807213.jpg', 'preEV66202101211807213.jpg', 0, NULL, NULL, '2021-01-22 12:25:44', '2021-01-22 12:25:44', 0),
(202, 66, 4, '', 20, 2, 1, 'recursos/INBI online (lunes, miércoles y viernes)/Nivel 1/Sesion9/EV6620210121180721/imagen-pregunta/preEV66202101211807214.jpg', 'preEV66202101211807214.jpg', 0, NULL, NULL, '2021-01-22 12:26:08', '2021-01-22 12:26:08', 0),
(203, 66, 5, '', 20, 2, 1, 'recursos/INBI online (lunes, miércoles y viernes)/Nivel 1/Sesion9/EV6620210121180721/imagen-pregunta/preEV66202101211807215.jpg', 'preEV66202101211807215.jpg', 1, 'recursos/INBI online (lunes, miércoles y viernes)/Nivel 1/Sesion9/EV6620210121180721/audio-pregunta/preEV66202101211807215.mp3', 'preEV66202101211807215.mp3', '2021-01-22 12:27:00', '2021-01-22 12:27:00', 0),
(204, 68, 1, '', 10, 2, 1, 'recursos/INBI online (lunes, miércoles y viernes)/Nivel 1/Sesion11/EV6820210121183458/imagen-pregunta/preEV68202101211834581.jpg', 'preEV68202101211834581.jpg', 0, NULL, NULL, '2021-01-22 12:28:47', '2021-01-22 12:28:47', 0),
(205, 68, 2, '', 10, 2, 1, 'recursos/INBI online (lunes, miércoles y viernes)/Nivel 1/Sesion11/EV6820210121183458/imagen-pregunta/preEV68202101211834582.jpg', 'preEV68202101211834582.jpg', 0, NULL, NULL, '2021-01-22 12:29:11', '2021-01-22 12:29:11', 0),
(206, 68, 3, '', 10, 2, 1, 'recursos/INBI online (lunes, miércoles y viernes)/Nivel 1/Sesion11/EV6820210121183458/imagen-pregunta/preEV68202101211834583.jpg', 'preEV68202101211834583.jpg', 0, NULL, NULL, '2021-01-22 12:29:38', '2021-01-22 12:29:38', 0),
(207, 68, 4, '', 10, 2, 1, 'recursos/INBI online (lunes, miércoles y viernes)/Nivel 1/Sesion11/EV6820210121183458/imagen-pregunta/preEV68202101211834584.jpg', 'preEV68202101211834584.jpg', 0, NULL, NULL, '2021-01-22 12:30:41', '2021-01-22 12:30:41', 0),
(208, 68, 5, '', 10, 2, 1, 'recursos/INBI online (lunes, miércoles y viernes)/Nivel 1/Sesion11/EV6820210121183458/imagen-pregunta/preEV68202101211834585.jpg', 'preEV68202101211834585.jpg', 1, 'recursos/INBI online (lunes, miércoles y viernes)/Nivel 1/Sesion11/EV6820210121183458/audio-pregunta/preEV68202101211834585.mp3', 'preEV68202101211834585.mp3', '2021-01-22 12:32:54', '2021-01-22 12:32:54', 0),
(209, 68, 6, '', 10, 2, 1, 'recursos/INBI online (lunes, miércoles y viernes)/Nivel 1/Sesion11/EV6820210121183458/imagen-pregunta/preEV68202101211834586.jpg', 'preEV68202101211834586.jpg', 0, NULL, NULL, '2021-01-22 12:34:16', '2021-01-22 12:34:16', 0),
(210, 68, 7, '', 10, 2, 1, 'recursos/INBI online (lunes, miércoles y viernes)/Nivel 1/Sesion11/EV6820210121183458/imagen-pregunta/preEV68202101211834587.jpg', 'preEV68202101211834587.jpg', 0, NULL, NULL, '2021-01-22 12:34:46', '2021-01-22 12:34:46', 0),
(211, 68, 8, '', 10, 2, 1, 'recursos/INBI online (lunes, miércoles y viernes)/Nivel 1/Sesion11/EV6820210121183458/imagen-pregunta/preEV68202101211834588.jpg', 'preEV68202101211834588.jpg', 0, NULL, NULL, '2021-01-22 12:35:15', '2021-01-22 12:35:15', 0),
(212, 68, 9, '', 10, 2, 1, 'recursos/INBI online (lunes, miércoles y viernes)/Nivel 1/Sesion11/EV6820210121183458/imagen-pregunta/preEV68202101211834589.jpg', 'preEV68202101211834589.jpg', 0, NULL, NULL, '2021-01-22 12:35:45', '2021-01-22 12:35:45', 0),
(213, 68, 10, '', 10, 2, 1, 'recursos/INBI online (lunes, miércoles y viernes)/Nivel 1/Sesion11/EV6820210121183458/imagen-pregunta/preEV682021012118345810.jpg', 'preEV682021012118345810.jpg', 1, 'recursos/INBI online (lunes, miércoles y viernes)/Nivel 1/Sesion11/EV6820210121183458/audio-pregunta/preEV682021012118345810.mp3', 'preEV682021012118345810.mp3', '2021-01-22 12:36:19', '2021-01-22 12:36:19', 0),
(245, 70, 1, '', 0, 6, 1, 'recursos/Curso de prueba/Nivel 1/Sesion1/EV7020210122161703/imagen-pregunta/preEV70202101221617031.jpg', 'preEV70202101221617031.jpg', 0, NULL, NULL, '2021-01-22 16:17:25', '2021-01-23 09:11:38', 0),
(246, 70, 1, '', 10, 2, 1, 'recursos/Curso de prueba/Nivel 1/Sesion1/EV7020210122161703/imagen-pregunta/preEV70202101221617031.jpg', 'preEV70202101221617031.jpg', 0, NULL, NULL, '2021-01-22 16:17:44', '2021-01-23 09:11:38', 0),
(247, 70, 2, '', 10, 2, 1, 'recursos/Curso de prueba/Nivel 1/Sesion1/EV7020210122161703/imagen-pregunta/preEV70202101221617032.jpg', 'preEV70202101221617032.jpg', 0, NULL, NULL, '2021-01-22 16:18:10', '2021-01-23 09:11:38', 0),
(248, 71, 1, '', 10, 2, 1, 'recursos/Curso xyz/Nivel 1/Sesion1/EV7120210122162127/imagen-pregunta/preEV71202101221621271.jpg', 'preEV71202101221621271.jpg', 0, NULL, NULL, '2021-01-22 16:21:48', '2021-01-22 16:21:48', 0),
(249, 71, 2, '', 10, 2, 1, 'recursos/Curso xyz/Nivel 1/Sesion1/EV7120210122162127/imagen-pregunta/preEV71202101221621272.jpg', 'preEV71202101221621272.jpg', 0, NULL, NULL, '2021-01-22 16:22:10', '2021-01-22 16:22:10', 0),
(250, 72, 1, '', 0, 2, 1, 'recursos/Curso de prueba/Nivel 1/Sesion1/EV7220210122162846/imagen-pregunta/preEV72202101221628461.jpg', 'preEV72202101221628461.jpg', 0, NULL, NULL, '2021-01-22 16:29:05', '2021-01-22 16:29:05', 0),
(251, 72, 1, '', 10, 2, 1, 'recursos/Curso de prueba/Nivel 1/Sesion1/EV7220210122162846/imagen-pregunta/preEV72202101221628461.jpg', 'preEV72202101221628461.jpg', 0, NULL, NULL, '2021-01-22 16:29:19', '2021-01-22 16:29:19', 0),
(252, 73, 1, '', 0, 6, 1, 'recursos/Curso de prueba/Nivel 1/Sesion1/EV7320210122163044/imagen-pregunta/preEV73202101221630441.jpg', 'preEV73202101221630441.jpg', 0, NULL, NULL, '2021-01-22 16:31:02', '2021-01-22 16:31:02', 0),
(253, 73, 1, '', 10, 2, 1, 'recursos/Curso de prueba/Nivel 1/Sesion1/EV7320210122163044/imagen-pregunta/preEV73202101221630441.jpg', 'preEV73202101221630441.jpg', 0, NULL, NULL, '2021-01-22 16:31:17', '2021-01-22 16:31:17', 0),
(254, 74, 1, '', 10, 2, 1, 'recursos/Curso xyz/Nivel 1/Sesion1/EV7420210122163239/imagen-pregunta/preEV74202101221632391.jpg', 'preEV74202101221632391.jpg', 0, NULL, NULL, '2021-01-22 16:33:11', '2021-01-22 16:33:11', 0),
(255, 74, 2, '', 10, 2, 1, 'recursos/Curso xyz/Nivel 1/Sesion1/EV7420210122163239/imagen-pregunta/preEV74202101221632392.jpg', 'preEV74202101221632392.jpg', 0, NULL, NULL, '2021-01-22 16:33:33', '2021-01-22 16:33:33', 0),
(256, 75, 1, '', 0, 6, 1, 'recursos/Curso xyz/Nivel 1/Sesion1/EV7520210122163438/imagen-pregunta/preEV75202101221634381.jpg', 'preEV75202101221634381.jpg', 0, NULL, NULL, '2021-01-22 16:34:59', '2021-01-22 16:34:59', 0),
(257, 75, 1, '', 10, 2, 1, 'recursos/Curso xyz/Nivel 1/Sesion1/EV7520210122163438/imagen-pregunta/preEV75202101221634381.jpg', 'preEV75202101221634381.jpg', 0, NULL, NULL, '2021-01-22 16:35:27', '2021-01-22 16:35:27', 0),
(258, 76, 1, '', 0, 2, 1, 'recursos/Curso xyz/Nivel 1/Sesion1/EV7620210122164835/imagen-pregunta/preEV76202101221648351.jpg', 'preEV76202101221648351.jpg', 0, NULL, NULL, '2021-01-22 16:49:00', '2021-01-22 16:49:00', 0),
(259, 76, 1, '', 10, 2, 1, 'recursos/Curso xyz/Nivel 1/Sesion1/EV7620210122164835/imagen-pregunta/preEV76202101221648351.jpg', 'preEV76202101221648351.jpg', 0, NULL, NULL, '2021-01-22 16:49:23', '2021-01-22 16:49:23', 0),
(260, 77, 1, '', 0, 2, 1, 'recursos/Curso xyz/Nivel 1/Sesion1/EV7720210122170713/imagen-pregunta/preEV77202101221707131.jpg', 'preEV77202101221707131.jpg', 0, NULL, NULL, '2021-01-22 17:07:36', '2021-01-22 17:07:36', 0),
(261, 77, 1, '', 10, 2, 1, 'recursos/Curso xyz/Nivel 1/Sesion1/EV7720210122170713/imagen-pregunta/preEV77202101221707131.jpg', 'preEV77202101221707131.jpg', 0, NULL, NULL, '2021-01-22 17:07:58', '2021-01-22 17:07:58', 0),
(262, 79, 1, '', 0, 6, 1, 'recursos/Curso xyz/Nivel 1/Sesion1/EV7920210122173322/imagen-pregunta/preEV79202101221733221.jpg', 'preEV79202101221733221.jpg', 0, NULL, NULL, '2021-01-22 17:34:26', '2021-01-22 17:34:26', 0),
(263, 79, 1, '', 10, 2, 1, 'recursos/Curso xyz/Nivel 1/Sesion1/EV7920210122173322/imagen-pregunta/preEV79202101221733221.jpg', 'preEV79202101221733221.jpg', 0, NULL, NULL, '2021-01-22 17:35:02', '2021-01-22 17:35:02', 0),
(264, 79, 1, '', 10, 2, 1, 'recursos/Curso xyz/Nivel 1/Sesion1/EV7920210122173322/imagen-pregunta/preEV79202101221733221.jpg', 'preEV79202101221733221.jpg', 0, NULL, NULL, '2021-01-22 17:37:26', '2021-01-22 17:37:26', 0),
(265, 80, 1, '', 0, 6, 1, 'recursos/Curso de prueba/Nivel 1/Sesion1/EV8020210122174418/imagen-pregunta/preEV80202101221744181.jpg', 'preEV80202101221744181.jpg', 0, NULL, NULL, '2021-01-22 17:44:35', '2021-01-22 17:44:35', 0),
(266, 80, 2, '', 10, 2, 1, 'recursos/Curso de prueba/Nivel 1/Sesion1/EV8020210122174418/imagen-pregunta/preEV80202101221744182.jpg', 'preEV80202101221744182.jpg', 0, NULL, NULL, '2021-01-22 17:44:58', '2021-01-22 17:44:58', 0),
(267, 81, 1, '', 0, 6, 1, 'recursos/Curso xyz/Nivel 1/Sesion1/EV8120210122175022/imagen-pregunta/preEV81202101221750221.jpg', 'preEV81202101221750221.jpg', 0, NULL, NULL, '2021-01-22 17:50:46', '2021-01-22 17:50:46', 0),
(268, 81, 2, '', 10, 2, 1, 'recursos/Curso xyz/Nivel 1/Sesion1/EV8120210122175022/imagen-pregunta/preEV81202101221750222.jpg', 'preEV81202101221750222.jpg', 0, NULL, NULL, '2021-01-22 17:51:14', '2021-01-22 17:51:14', 0),
(269, 81, 3, '', 10, 2, 1, 'recursos/Curso xyz/Nivel 1/Sesion1/EV8120210122175022/imagen-pregunta/preEV81202101221750223.jpg', 'preEV81202101221750223.jpg', 0, NULL, NULL, '2021-01-22 17:51:37', '2021-01-22 17:51:37', 0),
(270, 81, 4, '', 10, 2, 1, 'recursos/Curso xyz/Nivel 1/Sesion1/EV8120210122175022/imagen-pregunta/preEV81202101221750224.jpg', 'preEV81202101221750224.jpg', 0, NULL, NULL, '2021-01-22 17:52:01', '2021-01-22 17:52:01', 0),
(271, 81, 5, '', 10, 2, 1, 'recursos/Curso xyz/Nivel 1/Sesion1/EV8120210122175022/imagen-pregunta/preEV81202101221750225.jpg', 'preEV81202101221750225.jpg', 0, NULL, NULL, '2021-01-22 17:52:31', '2021-01-22 17:52:31', 0),
(272, 81, 6, '', 10, 2, 1, 'recursos/Curso xyz/Nivel 1/Sesion1/EV8120210122175022/imagen-pregunta/preEV81202101221750226.jpg', 'preEV81202101221750226.jpg', 0, NULL, NULL, '2021-01-22 17:52:55', '2021-01-22 17:52:55', 0),
(273, 81, 7, '', 10, 2, 1, 'recursos/Curso xyz/Nivel 1/Sesion1/EV8120210122175022/imagen-pregunta/preEV81202101221750227.jpg', 'preEV81202101221750227.jpg', 0, NULL, NULL, '2021-01-22 17:53:19', '2021-01-22 17:53:19', 0),
(274, 81, 8, '', 10, 2, 1, 'recursos/Curso xyz/Nivel 1/Sesion1/EV8120210122175022/imagen-pregunta/preEV81202101221750228.jpg', 'preEV81202101221750228.jpg', 0, NULL, NULL, '2021-01-22 17:53:43', '2021-01-22 17:53:43', 0),
(275, 63, 1, '', 0, 6, 1, 'recursos/INBI online (lunes, miércoles y viernes)/Nivel 1/Sesion6/EV6320210121132714/imagen-pregunta/preEV63202101211327141.jpg', 'preEV63202101211327141.jpg', 0, NULL, NULL, '2021-01-23 09:41:03', '2021-01-23 09:41:03', 0),
(276, 63, 2, '', 10, 2, 1, 'recursos/INBI online (lunes, miércoles y viernes)/Nivel 1/Sesion6/EV6320210121132714/imagen-pregunta/preEV63202101211327142.jpg', 'preEV63202101211327142.jpg', 0, NULL, NULL, '2021-01-23 09:43:20', '2021-01-23 09:43:20', 0),
(277, 63, 3, '', 10, 2, 1, 'recursos/INBI online (lunes, miércoles y viernes)/Nivel 1/Sesion6/EV6320210121132714/imagen-pregunta/preEV63202101211327143.jpg', 'preEV63202101211327143.jpg', 0, NULL, NULL, '2021-01-23 09:46:42', '2021-01-23 09:46:42', 0),
(278, 63, 4, '', 10, 2, 1, 'recursos/INBI online (lunes, miércoles y viernes)/Nivel 1/Sesion6/EV6320210121132714/imagen-pregunta/preEV63202101211327144.jpg', 'preEV63202101211327144.jpg', 0, NULL, NULL, '2021-01-23 09:46:55', '2021-01-23 09:46:55', 0),
(279, 63, 5, '', 10, 2, 1, 'recursos/INBI online (lunes, miércoles y viernes)/Nivel 1/Sesion6/EV6320210121132714/imagen-pregunta/preEV63202101211327145.jpg', 'preEV63202101211327145.jpg', 0, NULL, NULL, '2021-01-23 09:47:11', '2021-01-23 09:47:11', 0),
(280, 63, 6, '', 10, 2, 1, 'recursos/INBI online (lunes, miércoles y viernes)/Nivel 1/Sesion6/EV6320210121132714/imagen-pregunta/preEV63202101211327146.jpg', 'preEV63202101211327146.jpg', 0, NULL, NULL, '2021-01-23 09:47:28', '2021-01-23 09:47:28', 0),
(281, 63, 7, '', 5, 2, 1, 'recursos/INBI online (lunes, miércoles y viernes)/Nivel 1/Sesion6/EV6320210121132714/imagen-pregunta/preEV63202101211327147.jpg', 'preEV63202101211327147.jpg', 0, NULL, NULL, '2021-01-23 09:47:47', '2021-01-23 09:47:47', 0),
(282, 63, 8, '', 5, 2, 1, 'recursos/INBI online (lunes, miércoles y viernes)/Nivel 1/Sesion6/EV6320210121132714/imagen-pregunta/preEV63202101211327148.jpg', 'preEV63202101211327148.jpg', 0, NULL, NULL, '2021-01-23 09:48:01', '2021-01-23 09:48:01', 0),
(283, 63, 9, '', 5, 2, 1, 'recursos/INBI online (lunes, miércoles y viernes)/Nivel 1/Sesion6/EV6320210121132714/imagen-pregunta/preEV63202101211327149.jpg', 'preEV63202101211327149.jpg', 0, NULL, NULL, '2021-01-23 09:48:18', '2021-01-23 09:48:18', 0),
(284, 63, 10, '', 5, 2, 1, 'recursos/INBI online (lunes, miércoles y viernes)/Nivel 1/Sesion6/EV6320210121132714/imagen-pregunta/preEV632021012113271410.jpg', 'preEV632021012113271410.jpg', 0, NULL, NULL, '2021-01-23 09:48:40', '2021-01-23 09:48:40', 0),
(285, 63, 11, '', 5, 2, 1, 'recursos/INBI online (lunes, miércoles y viernes)/Nivel 1/Sesion6/EV6320210121132714/imagen-pregunta/preEV632021012113271411.jpg', 'preEV632021012113271411.jpg', 0, NULL, NULL, '2021-01-23 09:49:14', '2021-01-23 09:49:14', 0),
(286, 63, 12, '', 5, 2, 1, 'recursos/INBI online (lunes, miércoles y viernes)/Nivel 1/Sesion6/EV6320210121132714/imagen-pregunta/preEV632021012113271412.jpg', 'preEV632021012113271412.jpg', 0, NULL, NULL, '2021-01-23 09:49:41', '2021-01-23 09:49:41', 0),
(287, 63, 13, '', 5, 2, 1, 'recursos/INBI online (lunes, miércoles y viernes)/Nivel 1/Sesion6/EV6320210121132714/imagen-pregunta/preEV632021012113271413.jpg', 'preEV632021012113271413.jpg', 0, NULL, NULL, '2021-01-23 09:50:33', '2021-01-23 09:50:33', 0),
(288, 63, 14, '', 5, 2, 1, 'recursos/INBI online (lunes, miércoles y viernes)/Nivel 1/Sesion6/EV6320210121132714/imagen-pregunta/preEV632021012113271414.jpg', 'preEV632021012113271414.jpg', 0, NULL, NULL, '2021-01-23 09:51:59', '2021-01-23 09:51:59', 0),
(289, 63, 15, '', 5, 2, 1, 'recursos/INBI online (lunes, miércoles y viernes)/Nivel 1/Sesion6/EV6320210121132714/imagen-pregunta/preEV632021012113271415.jpg', 'preEV632021012113271415.jpg', 0, NULL, NULL, '2021-01-23 09:52:42', '2021-01-23 09:52:42', 0),
(290, 63, 16, '', 5, 2, 1, 'recursos/INBI online (lunes, miércoles y viernes)/Nivel 1/Sesion6/EV6320210121132714/imagen-pregunta/preEV632021012113271416.jpg', 'preEV632021012113271416.jpg', 0, NULL, NULL, '2021-01-23 09:53:35', '2021-01-23 09:53:35', 0),
(291, 69, 1, '', 4, 2, 1, 'recursos/INBI online (lunes, miércoles y viernes)/Nivel 1/Sesion12/EV6920210121184032/imagen-pregunta/preEV69202101211840321.jpg', 'preEV69202101211840321.jpg', 0, NULL, NULL, '2021-01-23 09:55:44', '2021-01-23 08:56:11', 2021),
(292, 69, 1, '', 0, 6, 1, 'recursos/INBI online (lunes, miércoles y viernes)/Nivel 1/Sesion12/EV6920210121184032/imagen-pregunta/preEV69202101211840321.jpg', 'preEV69202101211840321.jpg', 0, NULL, NULL, '2021-01-23 09:57:06', '2021-01-23 09:57:06', 0),
(293, 69, 2, '', 4, 2, 1, 'recursos/INBI online (lunes, miércoles y viernes)/Nivel 1/Sesion12/EV6920210121184032/imagen-pregunta/preEV69202101211840322.jpg', 'preEV69202101211840322.jpg', 0, NULL, NULL, '2021-01-23 09:59:21', '2021-01-23 09:59:21', 0),
(294, 69, 3, '', 4, 2, 1, 'recursos/INBI online (lunes, miércoles y viernes)/Nivel 1/Sesion12/EV6920210121184032/imagen-pregunta/preEV69202101211840323.jpg', 'preEV69202101211840323.jpg', 0, NULL, NULL, '2021-01-23 09:59:36', '2021-01-23 09:59:36', 0),
(295, 69, 4, '', 4, 2, 1, 'recursos/INBI online (lunes, miércoles y viernes)/Nivel 1/Sesion12/EV6920210121184032/imagen-pregunta/preEV69202101211840324.jpg', 'preEV69202101211840324.jpg', 0, NULL, NULL, '2021-01-23 09:59:49', '2021-01-23 09:59:49', 0),
(296, 69, 5, '', 4, 2, 1, 'recursos/INBI online (lunes, miércoles y viernes)/Nivel 1/Sesion12/EV6920210121184032/imagen-pregunta/preEV69202101211840325.jpg', 'preEV69202101211840325.jpg', 0, NULL, NULL, '2021-01-23 10:00:07', '2021-01-23 10:00:07', 0);
INSERT INTO `preguntas` (`id`, `idEvaluacion`, `num_pregunta`, `pregunta`, `valor`, `idTipoPregunta`, `tiene_imagen`, `ruta_imagen`, `clave_pregunta_imagen`, `tiene_audio_pregunta`, `ruta_audio_pregunta`, `clave_pregunta_audio`, `fecha_creacion`, `fecha_ultimo_cambio`, `deleted`) VALUES
(297, 69, 6, '', 4, 2, 1, 'recursos/INBI online (lunes, miércoles y viernes)/Nivel 1/Sesion12/EV6920210121184032/imagen-pregunta/preEV69202101211840326.jpg', 'preEV69202101211840326.jpg', 0, NULL, NULL, '2021-01-23 10:00:19', '2021-01-23 10:00:19', 0),
(298, 69, 7, '', 4, 2, 1, 'recursos/INBI online (lunes, miércoles y viernes)/Nivel 1/Sesion12/EV6920210121184032/imagen-pregunta/preEV69202101211840327.jpg', 'preEV69202101211840327.jpg', 0, NULL, NULL, '2021-01-23 10:00:32', '2021-01-23 10:00:32', 0),
(299, 69, 8, '', 4, 2, 1, 'recursos/INBI online (lunes, miércoles y viernes)/Nivel 1/Sesion12/EV6920210121184032/imagen-pregunta/preEV69202101211840328.jpg', 'preEV69202101211840328.jpg', 0, NULL, NULL, '2021-01-23 10:00:52', '2021-01-23 10:00:52', 0),
(300, 69, 9, '', 4, 2, 1, 'recursos/INBI online (lunes, miércoles y viernes)/Nivel 1/Sesion12/EV6920210121184032/imagen-pregunta/preEV69202101211840329.jpg', 'preEV69202101211840329.jpg', 0, NULL, NULL, '2021-01-23 10:01:05', '2021-01-23 10:01:05', 0),
(301, 69, 10, '', 4, 2, 1, 'recursos/INBI online (lunes, miércoles y viernes)/Nivel 1/Sesion12/EV6920210121184032/imagen-pregunta/preEV692021012118403210.jpg', 'preEV692021012118403210.jpg', 0, NULL, NULL, '2021-01-23 10:01:19', '2021-01-23 10:01:19', 0),
(302, 69, 11, '', 4, 2, 1, 'recursos/INBI online (lunes, miércoles y viernes)/Nivel 1/Sesion12/EV6920210121184032/imagen-pregunta/preEV692021012118403211.jpg', 'preEV692021012118403211.jpg', 0, NULL, NULL, '2021-01-23 10:01:34', '2021-01-23 10:01:34', 0),
(303, 69, 12, '', 3, 2, 1, 'recursos/INBI online (lunes, miércoles y viernes)/Nivel 1/Sesion12/EV6920210121184032/imagen-pregunta/preEV692021012118403212.jpg', 'preEV692021012118403212.jpg', 0, NULL, NULL, '2021-01-23 10:01:48', '2021-01-23 10:01:48', 0),
(304, 69, 13, '', 3, 2, 1, 'recursos/INBI online (lunes, miércoles y viernes)/Nivel 1/Sesion12/EV6920210121184032/imagen-pregunta/preEV692021012118403213.jpg', 'preEV692021012118403213.jpg', 0, NULL, NULL, '2021-01-23 10:02:01', '2021-01-23 10:02:01', 0),
(305, 69, 14, '', 3, 2, 1, 'recursos/INBI online (lunes, miércoles y viernes)/Nivel 1/Sesion12/EV6920210121184032/imagen-pregunta/preEV692021012118403214.jpg', 'preEV692021012118403214.jpg', 0, NULL, NULL, '2021-01-23 10:02:17', '2021-01-23 10:02:17', 0),
(306, 69, 15, '', 3, 2, 1, 'recursos/INBI online (lunes, miércoles y viernes)/Nivel 1/Sesion12/EV6920210121184032/imagen-pregunta/preEV692021012118403215.jpg', 'preEV692021012118403215.jpg', 0, NULL, NULL, '2021-01-23 10:02:33', '2021-01-23 10:02:33', 0),
(307, 69, 16, '', 3, 2, 1, 'recursos/INBI online (lunes, miércoles y viernes)/Nivel 1/Sesion12/EV6920210121184032/imagen-pregunta/preEV692021012118403216.jpg', 'preEV692021012118403216.jpg', 0, NULL, NULL, '2021-01-23 10:03:01', '2021-01-23 10:03:01', 0),
(308, 69, 17, '', 3, 2, 1, 'recursos/INBI online (lunes, miércoles y viernes)/Nivel 1/Sesion12/EV6920210121184032/imagen-pregunta/preEV692021012118403217.jpg', 'preEV692021012118403217.jpg', 0, NULL, NULL, '2021-01-23 10:03:21', '2021-01-23 10:03:21', 0),
(309, 69, 18, '', 3, 2, 1, 'recursos/INBI online (lunes, miércoles y viernes)/Nivel 1/Sesion12/EV6920210121184032/imagen-pregunta/preEV692021012118403218.jpg', 'preEV692021012118403218.jpg', 0, NULL, NULL, '2021-01-23 10:03:40', '2021-01-23 10:03:40', 0),
(310, 69, 19, '', 3, 2, 1, 'recursos/INBI online (lunes, miércoles y viernes)/Nivel 1/Sesion12/EV6920210121184032/imagen-pregunta/preEV692021012118403219.jpg', 'preEV692021012118403219.jpg', 0, NULL, NULL, '2021-01-23 10:03:55', '2021-01-23 10:03:55', 0),
(311, 69, 20, '', 3, 2, 1, 'recursos/INBI online (lunes, miércoles y viernes)/Nivel 1/Sesion12/EV6920210121184032/imagen-pregunta/preEV692021012118403220.jpg', 'preEV692021012118403220.jpg', 0, NULL, NULL, '2021-01-23 10:04:11', '2021-01-23 10:04:11', 0),
(312, 69, 21, '', 3, 2, 1, 'recursos/INBI online (lunes, miércoles y viernes)/Nivel 1/Sesion12/EV6920210121184032/imagen-pregunta/preEV692021012118403221.jpg', 'preEV692021012118403221.jpg', 0, NULL, NULL, '2021-01-23 10:04:25', '2021-01-23 10:04:25', 0),
(313, 69, 22, '', 3, 2, 1, 'recursos/INBI online (lunes, miércoles y viernes)/Nivel 1/Sesion12/EV6920210121184032/imagen-pregunta/preEV692021012118403222.jpg', 'preEV692021012118403222.jpg', 0, NULL, NULL, '2021-01-23 10:04:41', '2021-01-23 10:04:41', 0),
(314, 69, 23, '', 3, 2, 1, 'recursos/INBI online (lunes, miércoles y viernes)/Nivel 1/Sesion12/EV6920210121184032/imagen-pregunta/preEV692021012118403223.jpg', 'preEV692021012118403223.jpg', 0, NULL, NULL, '2021-01-23 10:04:58', '2021-01-23 10:04:58', 0),
(315, 69, 24, '', 3, 2, 1, 'recursos/INBI online (lunes, miércoles y viernes)/Nivel 1/Sesion12/EV6920210121184032/imagen-pregunta/preEV692021012118403224.jpg', 'preEV692021012118403224.jpg', 0, NULL, NULL, '2021-01-23 10:05:16', '2021-01-23 10:05:16', 0),
(316, 69, 25, '', 3, 2, 1, 'recursos/INBI online (lunes, miércoles y viernes)/Nivel 1/Sesion12/EV6920210121184032/imagen-pregunta/preEV692021012118403225.jpg', 'preEV692021012118403225.jpg', 0, NULL, NULL, '2021-01-23 10:05:31', '2021-01-23 10:05:31', 0),
(317, 69, 26, '', 3, 2, 1, 'recursos/INBI online (lunes, miércoles y viernes)/Nivel 1/Sesion12/EV6920210121184032/imagen-pregunta/preEV692021012118403226.jpg', 'preEV692021012118403226.jpg', 0, NULL, NULL, '2021-01-23 10:05:46', '2021-01-23 10:05:46', 0),
(318, 69, 27, '', 3, 2, 1, 'recursos/INBI online (lunes, miércoles y viernes)/Nivel 1/Sesion12/EV6920210121184032/imagen-pregunta/preEV692021012118403227.jpg', 'preEV692021012118403227.jpg', 0, NULL, NULL, '2021-01-23 10:06:01', '2021-01-23 10:06:01', 0),
(319, 69, 28, '', 3, 2, 1, 'recursos/INBI online (lunes, miércoles y viernes)/Nivel 1/Sesion12/EV6920210121184032/imagen-pregunta/preEV692021012118403228.jpg', 'preEV692021012118403228.jpg', 0, NULL, NULL, '2021-01-23 10:06:14', '2021-01-23 10:06:14', 0),
(320, 69, 29, '', 3, 2, 1, 'recursos/INBI online (lunes, miércoles y viernes)/Nivel 1/Sesion12/EV6920210121184032/imagen-pregunta/preEV692021012118403229.jpg', 'preEV692021012118403229.jpg', 0, NULL, NULL, '2021-01-23 10:06:28', '2021-01-23 10:06:28', 0),
(321, 69, 30, '', 3, 2, 1, 'recursos/INBI online (lunes, miércoles y viernes)/Nivel 1/Sesion12/EV6920210121184032/imagen-pregunta/preEV692021012118403230.jpg', 'preEV692021012118403230.jpg', 0, NULL, NULL, '2021-01-23 10:06:55', '2021-01-23 10:06:55', 0),
(322, 69, 31, '', 3, 2, 1, 'recursos/INBI online (lunes, miércoles y viernes)/Nivel 1/Sesion12/EV6920210121184032/imagen-pregunta/preEV692021012118403231.jpg', 'preEV692021012118403231.jpg', 0, NULL, NULL, '2021-01-23 10:07:22', '2021-01-23 10:07:22', 0);

-- --------------------------------------------------------

--
-- Estructura de tabla para la tabla `preguntas_formulario`
--

CREATE TABLE `preguntas_formulario` (
  `id` int(11) NOT NULL,
  `idRecurso` int(11) NOT NULL,
  `num_pregunta` int(3) NOT NULL,
  `valor` int(3) NOT NULL,
  `idTipoPregunta` int(3) NOT NULL,
  `tiene_imagen` int(3) NOT NULL,
  `ruta_imagen` text NOT NULL,
  `tiene_audio_pregunta` int(3) NOT NULL,
  `ruta_audio_pregunta` text NOT NULL,
  `fecha_creacion` datetime NOT NULL,
  `fecha_ultimo_cambio` datetime NOT NULL,
  `deleted` int(2) NOT NULL
) ENGINE=MyISAM DEFAULT CHARSET=latin1;

-- --------------------------------------------------------

--
-- Estructura de tabla para la tabla `pregunta_formulario_opcion_multiple`
--

CREATE TABLE `pregunta_formulario_opcion_multiple` (
  `id` int(11) NOT NULL,
  `idRecurso` int(11) NOT NULL,
  `idPreguntaFormulario` int(11) NOT NULL,
  `valor1` varchar(20) NOT NULL,
  `valor2` varchar(20) NOT NULL,
  `valor3` varchar(20) NOT NULL,
  `valor4` varchar(20) NOT NULL,
  `opcion_correcta` int(5) NOT NULL,
  `fecha_creacion` datetime NOT NULL,
  `fecha_ultimo_cambio` datetime NOT NULL,
  `deleted` int(2) NOT NULL
) ENGINE=MyISAM DEFAULT CHARSET=latin1;

-- --------------------------------------------------------

--
-- Estructura de tabla para la tabla `pregunta_opcion_audio`
--

CREATE TABLE `pregunta_opcion_audio` (
  `id` int(5) NOT NULL,
  `idEvaluacion` int(11) DEFAULT NULL,
  `idPregunta` int(11) DEFAULT NULL,
  `nombre_audio` varchar(255) DEFAULT NULL,
  `ruta_audio` varchar(255) DEFAULT NULL,
  `extension` varchar(5) DEFAULT NULL,
  `fecha_creacion` datetime DEFAULT NULL,
  `fecha_ultimo_cambio` datetime DEFAULT NULL ON UPDATE CURRENT_TIMESTAMP,
  `deleted` int(11) NOT NULL DEFAULT '0'
) ENGINE=InnoDB DEFAULT CHARSET=utf8mb4;

-- --------------------------------------------------------

--
-- Estructura de tabla para la tabla `pregunta_opcion_multiple`
--

CREATE TABLE `pregunta_opcion_multiple` (
  `id` int(5) NOT NULL,
  `idEvaluacion` int(10) DEFAULT NULL,
  `idPregunta` int(10) DEFAULT NULL,
  `valor1` varchar(255) DEFAULT NULL,
  `valor2` varchar(255) DEFAULT NULL,
  `valor3` varchar(255) DEFAULT NULL,
  `valor4` varchar(255) DEFAULT NULL,
  `opcion_correcta` int(5) DEFAULT NULL,
  `fecha_creacion` datetime DEFAULT NULL,
  `fecha_ultimo_cambio` datetime DEFAULT NULL ON UPDATE CURRENT_TIMESTAMP,
  `deleted` int(11) NOT NULL DEFAULT '0'
) ENGINE=InnoDB DEFAULT CHARSET=utf8mb4;

--
-- Volcado de datos para la tabla `pregunta_opcion_multiple`
--

INSERT INTO `pregunta_opcion_multiple` (`id`, `idEvaluacion`, `idPregunta`, `valor1`, `valor2`, `valor3`, `valor4`, `opcion_correcta`, `fecha_creacion`, `fecha_ultimo_cambio`, `deleted`) VALUES
(1, 34, 1, 'a', 'b', 'c', 'd', 1, '2020-12-08 18:42:34', '2020-12-08 18:42:34', 0),
(2, 34, 2, 'a', 'b', 'c', 'd', 2, '2020-12-08 18:42:53', '2020-12-08 18:42:53', 0),
(3, 34, 3, 'a', 'b', 'c', 'd', 3, '2020-12-08 18:43:11', '2020-12-08 18:43:11', 0),
(4, 34, 4, 'a', 'b', 'c', 'd', 4, '2020-12-08 18:43:33', '2020-12-08 18:43:33', 0),
(5, 34, 5, 'a', 'b', 'c', 'd', 1, '2020-12-08 18:43:55', '2020-12-08 18:43:55', 0),
(6, 34, 6, 'a', 'b', 'c', 'd', 2, '2020-12-08 18:44:27', '2020-12-08 18:44:27', 0),
(7, 34, 7, 'a', 'b', 'c', 'd', 3, '2020-12-08 18:44:50', '2020-12-08 18:44:50', 0),
(8, 34, 8, 'a', 'b', 'c', 'd', 4, '2020-12-08 18:45:16', '2020-12-08 18:45:16', 0),
(9, 34, 9, 'a', 'b', 'c', 'd', 1, '2020-12-08 18:45:38', '2020-12-08 18:45:38', 0),
(10, 34, 10, 'a', 'b', 'c', 'd', 2, '2020-12-08 18:46:13', '2020-12-08 18:46:13', 0),
(11, 34, 11, 'a', 'b', 'c', 'd', 3, '2020-12-08 18:46:41', '2020-12-08 18:46:41', 0),
(12, 34, 12, 'a', 'b', 'c', 'd', 4, '2020-12-08 18:47:09', '2020-12-08 18:47:09', 0),
(13, 32, 15, 'A', 'B', 'C', 'D', 2, '2020-12-18 15:35:55', '2020-12-18 15:35:55', 0),
(14, 32, 16, 'A', 'B', 'C', 'D', 1, '2020-12-18 15:36:32', '2020-12-18 15:36:32', 0),
(15, 32, 17, 'A', 'B', 'C', 'D', 4, '2020-12-18 15:37:11', '2020-12-18 15:37:11', 0),
(16, 32, 18, 'A', 'B', 'C', 'D', 3, '2020-12-18 15:37:36', '2020-12-18 15:37:36', 0),
(17, 33, 19, 'A', 'B', 'C', 'D', 3, '2020-12-18 15:38:39', '2020-12-18 15:38:39', 0),
(18, 33, 20, 'A', 'B', 'C', 'D', 1, '2020-12-18 15:39:05', '2020-12-18 15:39:05', 0),
(19, 33, 21, 'A', 'B', 'C', 'D', 2, '2020-12-18 15:39:45', '2020-12-18 15:39:45', 0),
(20, 33, 22, 'A', 'B', 'C', 'D', 3, '2020-12-18 15:40:06', '2020-12-18 15:40:06', 0),
(21, 33, 23, 'A', 'B', 'C', 'D', 3, '2020-12-18 15:40:28', '2020-12-18 15:40:28', 0),
(22, 37, 24, 'A', 'B', 'C', 'D', 3, '2020-12-18 15:42:10', '2020-12-18 15:42:10', 0),
(23, 37, 25, 'A', 'B', 'C', 'D', 1, '2020-12-18 15:42:26', '2020-12-18 15:42:26', 0),
(24, 37, 26, 'A', 'B', 'C', 'D', 3, '2020-12-18 15:42:44', '2020-12-18 15:42:44', 0),
(25, 37, 27, 'A', 'B', 'C', 'D', 4, '2020-12-18 15:43:04', '2020-12-18 15:43:04', 0),
(26, 37, 28, 'A', 'B', 'C', 'D', 2, '2020-12-18 15:43:28', '2020-12-18 15:43:28', 0),
(27, 32, 31, 'A', 'B', 'C', 'D', 3, '2020-12-18 15:50:51', '2020-12-18 15:50:51', 0),
(28, 32, 32, 'A', 'B', 'C', 'D', 2, '2020-12-18 15:51:41', '2020-12-18 15:51:41', 0),
(29, 41, 33, 'A', 'B', 'C', 'D', 3, '2021-01-06 11:34:25', '2021-01-06 11:34:25', 0),
(30, 42, 34, 'A', 'B', 'C', 'D', 1, '2021-01-07 16:23:28', '2021-01-07 16:23:28', 0),
(31, 47, 35, 'A', 'B', 'C', 'D', 1, '2021-01-07 19:01:24', '2021-01-07 19:01:24', 0),
(32, 48, 36, 'A', 'B', 'C', 'D', 1, '2021-01-08 12:34:42', '2021-01-08 12:34:42', 0),
(33, 50, 37, 'A', 'B', 'C', 'D', 1, '2021-01-13 17:17:42', '2021-01-13 17:17:42', 0),
(34, 50, 38, 'A', 'B', 'C', 'D', 3, '2021-01-13 17:18:07', '2021-01-13 17:18:07', 0),
(35, 50, 39, 'A', 'B', 'C', 'D', 3, '2021-01-13 17:18:31', '2021-01-13 17:18:31', 0),
(36, 50, 40, 'A', 'B', 'C', 'D', 4, '2021-01-13 17:18:54', '2021-01-13 17:18:54', 0),
(37, 50, 41, 'A', 'B', 'C', 'D', 3, '2021-01-13 17:19:18', '2021-01-13 17:19:18', 0),
(38, 50, 42, 'A', 'B', 'C', 'D', 2, '2021-01-13 17:19:44', '2021-01-13 17:19:44', 0),
(39, 50, 43, 'A', 'B', 'C', 'D', 2, '2021-01-13 17:20:05', '2021-01-13 17:20:05', 0),
(40, 50, 44, 'A', 'B', 'C', 'D', 1, '2021-01-13 17:20:26', '2021-01-13 17:20:26', 0),
(41, 50, 45, 'A', 'B', 'C', 'D', 1, '2021-01-13 17:20:44', '2021-01-13 17:20:44', 0),
(42, 50, 46, 'A', 'B', 'C', 'D', 2, '2021-01-13 17:21:07', '2021-01-20 16:07:38', 2021),
(43, 51, 47, 'A', 'B', 'C', 'D', 1, '2021-01-13 17:28:05', '2021-01-13 17:28:05', 0),
(44, 51, 48, 'A', 'B', 'C', 'D', 1, '2021-01-13 17:28:26', '2021-01-13 17:28:26', 0),
(45, 51, 49, 'A', 'B', 'C', 'D', 3, '2021-01-13 17:28:47', '2021-01-13 17:28:47', 0),
(46, 51, 50, 'A', 'B', 'C', 'D', 4, '2021-01-13 17:29:04', '2021-01-13 17:29:04', 0),
(47, 51, 51, 'A', 'B', 'C', 'D', 2, '2021-01-13 17:29:22', '2021-01-13 17:29:22', 0),
(48, 52, 52, 'A', 'B', 'C', 'D', 1, '2021-01-13 17:31:14', '2021-01-13 17:31:14', 0),
(49, 52, 53, 'A', 'B', 'C', 'D', 1, '2021-01-13 17:31:42', '2021-01-13 17:31:42', 0),
(50, 52, 54, 'A', 'B', 'C', 'D', 1, '2021-01-13 17:32:04', '2021-01-13 17:32:04', 0),
(51, 52, 55, 'A', 'B', 'C', 'D', 1, '2021-01-13 17:32:24', '2021-01-13 17:32:24', 0),
(52, 52, 56, 'A', 'B', 'C', 'D', 1, '2021-01-13 17:32:43', '2021-01-13 17:32:43', 0),
(53, 53, 57, 'A', 'B', 'C', 'D', 2, '2021-01-13 17:33:37', '2021-01-13 17:33:37', 0),
(54, 53, 58, 'A', 'B', 'C', 'D', 2, '2021-01-13 17:33:53', '2021-01-13 17:33:53', 0),
(55, 53, 59, 'A', 'B', 'C', 'D', 2, '2021-01-13 17:34:13', '2021-01-13 17:34:13', 0),
(56, 53, 60, 'A', 'B', 'C', 'D', 2, '2021-01-13 17:34:31', '2021-01-13 17:34:31', 0),
(57, 53, 61, 'A', 'B', 'C', 'D', 2, '2021-01-13 17:34:49', '2021-01-21 14:23:11', 2021),
(58, 54, 62, 'A', 'B', 'C', 'D', 1, '2021-01-13 19:18:06', '2021-01-13 19:18:06', 0),
(59, 56, 64, 'A', 'B', 'C', 'D', 1, '2021-01-20 13:16:07', '2021-01-20 13:16:07', 0),
(60, 58, 68, '6', '7', '8', '9', 2, '2021-01-21 11:52:18', '2021-01-21 11:52:18', 0),
(61, 58, 69, 'She', 'He', 'They', 'We', 1, '2021-01-21 11:53:13', '2021-01-21 11:53:13', 0),
(62, 58, 70, 'My', 'Your', 'Her', 'His', 3, '2021-01-21 11:54:22', '2021-01-21 11:54:22', 0),
(63, 58, 71, 'He	', 'You 	', 'Us', 'Me', 2, '2021-01-21 11:55:16', '2021-01-21 11:55:16', 0),
(64, 58, 72, 'Am	', 'Is	', 'Are', 'Be', 2, '2021-01-21 11:56:27', '2021-01-21 11:56:27', 0),
(65, 58, 73, 'Am	', 'Is	', 'Are', 'be', 3, '2021-01-21 11:59:10', '2021-01-21 11:59:10', 0),
(66, 58, 74, 'Sad	', 'Angry	', 'Tall', 'Hungry', 1, '2021-01-21 11:59:55', '2021-01-21 11:59:55', 0),
(67, 58, 75, 'Am	', 'Is	', 'Are', 'be', 1, '2021-01-21 12:00:40', '2021-01-21 12:00:40', 0),
(68, 59, 76, '12', '13', '14', '15', 1, '2021-01-21 12:06:01', '2021-01-21 11:07:00', 2021),
(69, 59, 77, 'Can	', 'Should	', 'Will', 'Might', 3, '2021-01-21 12:06:49', '2021-01-21 11:07:06', 2021),
(70, 59, 78, '12', '13', '14', '15', 1, '2021-01-21 12:07:39', '2021-01-21 12:07:39', 0),
(71, 59, 79, 'Can	', 'Should	', 'Will', 'May', 3, '2021-01-21 12:09:15', '2021-01-21 12:09:15', 0),
(72, 59, 80, 'Can	', 'Should	', 'Will', 'May', 1, '2021-01-21 12:09:52', '2021-01-21 12:09:52', 0),
(73, 59, 81, 'Can	', 'Should	', 'Will', 'May', 2, '2021-01-21 12:10:21', '2021-01-21 12:10:21', 0),
(74, 59, 82, 'Do	', 'Does	', 'Did', 'Have', 1, '2021-01-21 12:11:46', '2021-01-21 12:11:46', 0),
(75, 59, 83, 'Do	', 'Does	', 'Did', 'Have', 2, '2021-01-21 12:12:14', '2021-01-21 12:12:14', 0),
(76, 59, 84, 'Do	', 'Does	', 'Did', 'Have', 3, '2021-01-21 12:12:53', '2021-01-21 12:12:53', 0),
(77, 59, 85, 'Todas las personas		', 'he, she, it', 'I, you, we, they', 'Solo I', 1, '2021-01-21 12:14:34', '2021-01-21 12:14:34', 0),
(78, 60, 86, 'Expresar pasado en tiempo especifico		', 'Expresar pasado en tiempo no especifico', 'Ambas', 'Ninguna', 1, '2021-01-21 12:16:35', '2021-01-21 12:16:35', 0),
(79, 60, 87, 'Expresar pasado en tiempo especifico		', 'Expresar pasado en tiempo no especifico', 'Ambas', 'Ninguna', 2, '2021-01-21 12:17:12', '2021-01-21 12:17:12', 0),
(80, 60, 88, 'Pasado	', 'Presente perfecto', 'Presente', 'Futuro', 1, '2021-01-21 12:18:07', '2021-01-21 12:18:07', 0),
(81, 60, 89, 'Presente', 'Futuro', 'Presente perfecto', 'Pasado	', 3, '2021-01-21 12:18:54', '2021-01-21 12:18:54', 0),
(82, 61, 90, 'sad		', 'it´s a pleasure', 'fine	', 'hello', 1, '2021-01-21 12:26:17', '2021-01-21 12:26:17', 0),
(83, 61, 91, 'sad		', 'it´s a pleasure', 'fine	', 'hello', 4, '2021-01-21 12:26:55', '2021-01-21 12:26:55', 0),
(84, 61, 92, 'sad		', 'it´s a pleasure', 'fine	', 'hello', 3, '2021-01-21 12:27:23', '2021-01-21 12:27:23', 0),
(85, 61, 93, 'sad			', 'it´s a pleasure', 'fine', 'hello', 2, '2021-01-21 12:28:08', '2021-01-21 12:28:08', 0),
(86, 61, 94, 'sad		', 'it´s a pleasure', 'fine	', 'hello', 3, '2021-01-21 12:29:34', '2021-01-21 12:29:34', 0),
(87, 61, 96, 'Mad	', 'Sad	', 'Happy', 'Angry', 2, '2021-01-21 12:30:39', '2021-01-21 12:30:39', 0),
(88, 61, 97, 'have	', 'average	', 'tall	', 'think', 2, '2021-01-21 12:32:13', '2021-01-21 12:32:13', 0),
(89, 61, 98, 'have	', 'average	', 'tall	', 'think', 3, '2021-01-21 12:32:44', '2021-01-21 12:32:44', 0),
(90, 61, 99, 'have	', 'average	', 'tall	', 'think', 4, '2021-01-21 12:33:11', '2021-01-21 12:33:11', 0),
(91, 61, 100, 'have		', 'average	', 'tall', 'think', 1, '2021-01-21 12:33:39', '2021-01-21 12:33:39', 0),
(92, 61, 101, 'Tall	', 'Short', 'Happy', 'Sad', 2, '2021-01-21 12:34:42', '2021-01-21 12:34:42', 0),
(93, 61, 103, 'Tall	', 'Short', 'Sad', 'Angry', 1, '2021-01-21 12:35:31', '2021-01-21 12:35:31', 0),
(94, 62, 105, 'Why		', 'Lets go', 'Together	', 'Sure, why not?', 3, '2021-01-21 13:19:30', '2021-01-21 13:19:30', 0),
(95, 62, 106, 'Why', 'Lets go		', 'Together	', 'Sure, why not?', 1, '2021-01-21 13:20:08', '2021-01-21 13:20:08', 0),
(96, 62, 107, 'Why	', 'Lets go	', 'Together	', 'Sure, why not?', 2, '2021-01-21 13:20:43', '2021-01-21 13:20:43', 0),
(97, 62, 108, 'Why	', 'Lets go	', 'Together	', 'Sure, why not?', 4, '2021-01-21 13:21:12', '2021-01-21 13:21:12', 0),
(98, 62, 109, 'He learns spanish	', 'He learns french	', 'He learns english', 'He learns chinese', 3, '2021-01-21 13:22:06', '2021-01-21 13:22:06', 0),
(99, 62, 110, 'Hate	', 'Homework         	', 'Understand	', 'But', 2, '2021-01-21 13:23:14', '2021-01-21 13:23:14', 0),
(100, 62, 111, 'Hate	', 'Homework         	', 'Understand	', 'But', 3, '2021-01-21 13:23:39', '2021-01-21 13:23:39', 0),
(101, 62, 112, 'Hate	', 'Homework         	', 'Understand	', 'But', 1, '2021-01-21 13:24:09', '2021-01-21 13:24:09', 0),
(102, 62, 113, 'Hate	', 'Homework         	', 'Understand	', 'But', 4, '2021-01-21 13:24:36', '2021-01-21 13:24:36', 0),
(103, 62, 114, 'She is old		', 'She is young', 'She is happy', 'She is angry', 2, '2021-01-21 13:25:29', '2021-01-21 13:25:29', 0),
(112, 64, 124, 'plump		', 'dont think so', 'Either	', 'will', 3, '2021-01-21 14:10:18', '2021-01-21 14:10:18', 0),
(113, 64, 125, 'plump		', 'dont think so', 'Either	', 'will', 2, '2021-01-21 14:10:48', '2021-01-21 14:10:48', 0),
(114, 64, 126, 'plump			', 'dont think so', 'Either', 'will', 1, '2021-01-21 14:11:51', '2021-01-21 14:11:51', 0),
(115, 64, 127, 'plump	', 'dont think so	', 'Either	', 'will', 4, '2021-01-21 14:12:20', '2021-01-21 14:12:20', 0),
(116, 64, 128, 'She works	', 'She studies	', 'A university', 'She is angry', 2, '2021-01-21 14:13:21', '2021-01-21 14:13:21', 0),
(117, 64, 129, 'do		', 'too	', 'exercise', 'I know', 4, '2021-01-21 14:14:36', '2021-01-21 14:14:36', 0),
(118, 64, 130, 'do	', 'too	', 'exercise	', 'I know', 1, '2021-01-21 14:15:05', '2021-01-21 14:15:05', 0),
(119, 64, 131, 'do	', 'too	', 'exercise	', 'I know', 1, '2021-01-21 14:15:54', '2021-01-21 14:15:54', 0),
(120, 64, 132, 'do	', 'too	', 'exercise	', 'I know', 2, '2021-01-21 14:16:18', '2021-01-21 14:16:18', 0),
(121, 64, 133, 'She works		', 'She studies', 'In an international company	', 'In a museum', 3, '2021-01-21 14:26:26', '2021-01-21 14:26:26', 0),
(122, 63, 135, 'A', 'B', 'C', 'D', 2, '2021-01-21 16:15:03', '2021-01-21 15:15:32', 2021),
(127, 63, 140, 'A', 'B', 'C', 'D', 3, '2021-01-21 17:30:44', '2021-01-21 16:32:25', 2021),
(129, 65, 142, 'should	', 'breakfast	', 'try	', 'headache', 2, '2021-01-21 17:59:46', '2021-01-21 17:59:46', 0),
(130, 65, 143, 'should	', 'breakfast	', 'try	', 'headache', 1, '2021-01-21 18:00:11', '2021-01-21 18:00:11', 0),
(131, 65, 144, 'should	', 'breakfast	', 'try	', 'headache', 3, '2021-01-21 18:00:42', '2021-01-21 18:00:42', 0),
(132, 65, 145, 'should	', 'breakfast	', 'try	', 'headache', 4, '2021-01-21 18:01:08', '2021-01-21 18:01:08', 0),
(133, 65, 146, 'English		', 'She is a teacher', 'She is happy', 'Spanish', 1, '2021-01-21 18:02:10', '2021-01-21 18:02:10', 0),
(134, 65, 147, 'climb	', 'can	', 'awesome	', 'not able to', 2, '2021-01-21 18:03:18', '2021-01-21 18:03:18', 0),
(135, 65, 148, 'climb	', 'can	', 'awesome	', 'not able to', 3, '2021-01-21 18:04:06', '2021-01-21 18:04:06', 0),
(136, 65, 149, 'climb	', 'can	', 'awesome	', 'not able to', 1, '2021-01-21 18:04:39', '2021-01-21 18:04:39', 0),
(137, 65, 150, 'climb	', 'can	', 'awesome	', 'not able to', 4, '2021-01-21 18:05:06', '2021-01-21 18:05:06', 0),
(138, 65, 151, 'English	', 'Spanish	', 'English and spanish', 'None', 3, '2021-01-21 18:05:56', '2021-01-21 18:05:56', 0),
(140, 67, 155, 'off	', 'When	', 'Monday	', 'weekend', 3, '2021-01-21 18:26:53', '2021-01-21 17:27:01', 2021),
(141, 67, 156, 'off	', 'When	', 'Monday	', 'weekend', 3, '2021-01-21 18:27:33', '2021-01-21 17:27:38', 2021),
(142, 67, 157, 'off	', 'When	', 'Monday	', 'weekend', 3, '2021-01-21 18:28:22', '2021-01-21 18:28:22', 0),
(143, 67, 159, 'off	', 'When	', 'Monday	', 'weekend', 2, '2021-01-21 18:29:34', '2021-01-21 18:29:34', 0),
(144, 67, 160, 'off	', 'When	', 'Monday	', 'weekend', 1, '2021-01-21 18:29:59', '2021-01-21 18:29:59', 0),
(145, 67, 161, 'off	', 'When	', 'Monday	', 'weekend', 4, '2021-01-21 18:30:25', '2021-01-21 18:30:25', 0),
(146, 67, 162, 'She is older		', 'She is younger', 'She is happy', 'She is better', 1, '2021-01-21 18:31:24', '2021-01-21 18:31:24', 0),
(147, 67, 163, 'At	', 'Thanksgiving	', 'Interesting	', 'Where', 4, '2021-01-21 18:32:19', '2021-01-21 18:32:19', 0),
(148, 67, 164, 'At	', 'Thanksgiving	', 'Interesting	', 'Where', 1, '2021-01-21 18:32:45', '2021-01-21 18:32:45', 0),
(149, 67, 165, 'At	', 'Thanksgiving	', 'Interesting	', 'Where', 3, '2021-01-21 18:33:11', '2021-01-21 18:33:11', 0),
(150, 67, 166, 'At	', 'Thanksgiving	', 'Interesting	', 'Where', 2, '2021-01-21 18:33:40', '2021-01-21 18:33:40', 0),
(151, 67, 167, '1		', 'More than one', 'Less than one', '0', 2, '2021-01-21 18:34:21', '2021-01-21 18:34:21', 0),
(175, 66, 199, 'do	', 'doesn\'t	', 'boring	', 'Interesting', 2, '2021-01-22 12:24:54', '2021-01-22 12:24:54', 0),
(176, 66, 200, 'do	', 'doesn\'t	', 'boring	', 'Interesting', 3, '2021-01-22 12:25:19', '2021-01-22 12:25:19', 0),
(177, 66, 201, 'do	', 'doesn\'t	', 'boring	', 'Interesting', 4, '2021-01-22 12:25:44', '2021-01-22 12:25:44', 0),
(178, 66, 202, 'do	', 'doesn\'t	', 'boring	', 'Interesting', 1, '2021-01-22 12:26:08', '2021-01-22 12:26:08', 0),
(179, 66, 203, 'She really likes the city		', 'She is from Los Angeles', 'She is american', 'She is from Mexico', 2, '2021-01-22 12:27:00', '2021-01-22 12:27:00', 0),
(180, 68, 204, 'brother	', 'who	', 'parents	', 'in law', 3, '2021-01-22 12:28:47', '2021-01-22 12:28:47', 0),
(181, 68, 205, 'brother	', 'who	', 'parents	', 'in law', 4, '2021-01-22 12:29:11', '2021-01-22 12:29:11', 0),
(182, 68, 206, 'brother	', 'who	', 'parents	', 'in law', 2, '2021-01-22 12:29:38', '2021-01-22 12:29:38', 0),
(183, 68, 207, 'brother	', 'who	', 'parents	', 'in law', 1, '2021-01-22 12:30:41', '2021-01-22 12:30:41', 0),
(184, 68, 208, 'Yes, for more than 2 years		', 'Yes, for less than 1 year', 'Yes, for about 2 years', 'For 1 year', 3, '2021-01-22 12:32:54', '2021-01-22 12:32:54', 0),
(185, 68, 209, 'He, she, it			', 'is &quot;Will&quot;', 'I, you, we and they', 'is &quot;Can&quot;', 3, '2021-01-22 12:34:16', '2021-01-22 12:34:16', 0),
(186, 68, 210, 'He, she, it			', 'is &quot;Will&quot;', 'I, you, we and they', 'is &quot;Can&quot;', 1, '2021-01-22 12:34:46', '2021-01-22 12:34:46', 0),
(187, 68, 211, 'He, she, it			', 'is &quot;Will&quot;', 'I, you, we and they', 'is &quot;Can&quot;', 2, '2021-01-22 12:35:15', '2021-01-22 12:35:15', 0),
(188, 68, 212, 'He, she, it			', 'is &quot;Will&quot;', 'I, you, we and they', 'is &quot;Can&quot;', 4, '2021-01-22 12:35:45', '2021-01-22 12:35:45', 0),
(189, 68, 213, 'Sad		', 'For 2 months', 'Happy', 'Angry', 3, '2021-01-22 12:36:19', '2021-01-22 12:36:19', 0),
(220, 70, 246, 'A', 'B', 'C', 'D', 2, '2021-01-22 16:17:44', '2021-01-22 16:17:44', 0),
(221, 70, 247, 'A', 'B', 'C', 'D', 2, '2021-01-22 16:18:10', '2021-01-22 16:18:10', 0),
(222, 71, 248, 'A', 'B', 'C', 'D', 1, '2021-01-22 16:21:48', '2021-01-22 16:21:48', 0),
(223, 71, 249, 'A', 'B', 'C', 'D', 1, '2021-01-22 16:22:10', '2021-01-22 16:22:10', 0),
(224, 72, 250, 'A', 'B', 'C', 'D', 2, '2021-01-22 16:29:05', '2021-01-22 16:29:05', 0),
(225, 72, 251, 'A', 'B', 'C', 'D', 2, '2021-01-22 16:29:19', '2021-01-22 16:29:19', 0),
(226, 73, 253, 'A', 'B', 'C', 'D', 2, '2021-01-22 16:31:17', '2021-01-22 16:31:17', 0),
(227, 74, 254, 'A', 'B', 'C', 'D', 1, '2021-01-22 16:33:11', '2021-01-22 16:33:11', 0),
(228, 74, 255, 'A', 'B', 'C', 'D', 2, '2021-01-22 16:33:33', '2021-01-22 16:33:33', 0),
(229, 75, 257, 'A', 'B', 'C', 'D', 2, '2021-01-22 16:35:27', '2021-01-22 16:35:27', 0),
(230, 76, 258, 'A', 'B', 'C', 'D', 1, '2021-01-22 16:49:00', '2021-01-22 16:49:00', 0),
(231, 76, 259, 'A', 'B', 'C', 'D', 1, '2021-01-22 16:49:23', '2021-01-22 16:49:23', 0),
(232, 77, 260, 'A', 'B', 'C', 'D', 1, '2021-01-22 17:07:36', '2021-01-22 17:07:36', 0),
(233, 77, 261, 'A', 'B', 'C', 'D', 1, '2021-01-22 17:07:58', '2021-01-22 17:07:58', 0),
(234, 79, 263, 'A', 'B', 'C', 'D', 1, '2021-01-22 17:35:02', '2021-01-22 17:35:02', 0),
(235, 79, 264, 'A', 'B', 'C', 'D', 2, '2021-01-22 17:37:26', '2021-01-22 17:37:26', 0),
(236, 80, 266, 'A', 'B', 'C', 'D', 1, '2021-01-22 17:44:58', '2021-01-22 17:44:58', 0),
(237, 81, 268, 'A', 'B', 'C', 'D', 1, '2021-01-22 17:51:14', '2021-01-22 17:51:14', 0),
(238, 81, 269, 'A', 'B', 'C', 'D', 2, '2021-01-22 17:51:37', '2021-01-22 17:51:37', 0),
(239, 81, 270, 'A', 'B', 'C', 'D', 3, '2021-01-22 17:52:01', '2021-01-22 17:52:01', 0),
(240, 81, 271, 'A', 'B', 'C', 'D', 4, '2021-01-22 17:52:31', '2021-01-22 17:52:31', 0),
(241, 81, 272, 'A', 'B', 'C', 'D', 1, '2021-01-22 17:52:55', '2021-01-22 17:52:55', 0),
(242, 81, 273, 'A', 'B', 'C', 'D', 1, '2021-01-22 17:53:19', '2021-01-22 17:53:19', 0),
(243, 81, 274, 'A', 'B', 'C', 'D', 1, '2021-01-22 17:53:43', '2021-01-22 17:53:43', 0),
(244, 63, 276, 'A', 'B', 'C', 'D', 1, '2021-01-23 09:43:20', '2021-01-23 09:43:20', 0),
(245, 63, 277, 'A', 'B', 'C', 'D', 2, '2021-01-23 09:46:42', '2021-01-23 09:46:42', 0),
(246, 63, 278, 'A', 'B', 'C', 'D', 3, '2021-01-23 09:46:55', '2021-01-23 09:46:55', 0),
(247, 63, 279, 'A', 'B', 'C', 'D', 4, '2021-01-23 09:47:11', '2021-01-23 09:47:11', 0),
(248, 63, 280, 'A', 'B', 'C', 'D', 1, '2021-01-23 09:47:28', '2021-01-23 09:47:28', 0),
(249, 63, 281, 'A', 'B', 'C', 'D', 2, '2021-01-23 09:47:47', '2021-01-23 09:47:47', 0),
(250, 63, 282, 'A', 'B', 'C', 'D', 3, '2021-01-23 09:48:01', '2021-01-23 09:48:01', 0),
(251, 63, 283, 'A', 'B', 'C', 'D', 4, '2021-01-23 09:48:18', '2021-01-23 09:48:18', 0),
(252, 63, 284, 'A', 'B', 'C', 'D', 1, '2021-01-23 09:48:40', '2021-01-23 09:48:40', 0),
(253, 63, 285, 'A', 'B', 'C', 'D', 2, '2021-01-23 09:49:14', '2021-01-23 09:49:14', 0),
(254, 63, 286, 'A', 'B', 'C', 'D', 3, '2021-01-23 09:49:41', '2021-01-23 09:49:41', 0),
(255, 63, 287, 'A', 'B', 'C', 'D', 4, '2021-01-23 09:50:33', '2021-01-23 09:50:33', 0),
(256, 63, 288, 'A', 'B', 'C', 'D', 1, '2021-01-23 09:51:59', '2021-01-23 09:51:59', 0),
(257, 63, 289, 'A', 'B', 'C', 'D', 2, '2021-01-23 09:52:42', '2021-01-23 09:52:42', 0),
(258, 63, 290, 'A', 'B', 'C', 'D', 3, '2021-01-23 09:53:35', '2021-01-23 09:53:35', 0),
(259, 69, 291, 'A', 'B', 'C', 'D', 1, '2021-01-23 09:55:44', '2021-01-23 08:56:11', 2021),
(260, 69, 293, 'A', 'B', 'C', 'D', 1, '2021-01-23 09:59:21', '2021-01-23 09:59:21', 0),
(261, 69, 294, 'A', 'B', 'C', 'D', 2, '2021-01-23 09:59:36', '2021-01-23 09:59:36', 0),
(262, 69, 295, 'A', 'B', 'C', 'D', 3, '2021-01-23 09:59:49', '2021-01-23 09:59:49', 0),
(263, 69, 296, 'A', 'B', 'C', 'D', 4, '2021-01-23 10:00:07', '2021-01-23 10:00:07', 0),
(264, 69, 297, 'A', 'B', 'C', 'D', 1, '2021-01-23 10:00:19', '2021-01-23 10:00:19', 0),
(265, 69, 298, 'A', 'B', 'C', 'D', 2, '2021-01-23 10:00:32', '2021-01-23 10:00:32', 0),
(266, 69, 299, 'A', 'B', 'C', 'D', 3, '2021-01-23 10:00:52', '2021-01-23 10:00:52', 0),
(267, 69, 300, 'A', 'B', 'C', 'D', 4, '2021-01-23 10:01:05', '2021-01-23 10:01:05', 0),
(268, 69, 301, 'A', 'B', 'C', 'D', 1, '2021-01-23 10:01:19', '2021-01-23 10:01:19', 0),
(269, 69, 302, 'A', 'B', 'C', 'D', 2, '2021-01-23 10:01:34', '2021-01-23 10:01:34', 0),
(270, 69, 303, 'A', 'B', 'C', 'D', 3, '2021-01-23 10:01:48', '2021-01-23 10:01:48', 0),
(271, 69, 304, 'A', 'B', 'C', 'D', 4, '2021-01-23 10:02:01', '2021-01-23 10:02:01', 0),
(272, 69, 305, 'A', 'B', 'C', 'D', 1, '2021-01-23 10:02:17', '2021-01-23 10:02:17', 0),
(273, 69, 306, 'A', 'B', 'C', 'D', 2, '2021-01-23 10:02:33', '2021-01-23 10:02:33', 0),
(274, 69, 307, 'A', 'B', 'C', 'D', 3, '2021-01-23 10:03:01', '2021-01-23 10:03:01', 0),
(275, 69, 308, 'A', 'B', 'C', 'D', 4, '2021-01-23 10:03:21', '2021-01-23 10:03:21', 0),
(276, 69, 309, 'A', 'B', 'C', 'D', 1, '2021-01-23 10:03:40', '2021-01-23 10:03:40', 0),
(277, 69, 310, 'A', 'B', 'C', 'D', 2, '2021-01-23 10:03:55', '2021-01-23 10:03:55', 0),
(278, 69, 311, 'A', 'B', 'C', 'D', 3, '2021-01-23 10:04:11', '2021-01-23 10:04:11', 0),
(279, 69, 312, 'A', 'B', 'C', 'D', 4, '2021-01-23 10:04:25', '2021-01-23 10:04:25', 0),
(280, 69, 313, 'A', 'B', 'C', 'D', 1, '2021-01-23 10:04:41', '2021-01-23 10:04:41', 0),
(281, 69, 314, 'A', 'B', 'C', 'D', 2, '2021-01-23 10:04:58', '2021-01-23 10:04:58', 0),
(282, 69, 315, 'A', 'B', 'C', 'D', 3, '2021-01-23 10:05:16', '2021-01-23 10:05:16', 0),
(283, 69, 316, 'A', 'B', 'C', 'D', 4, '2021-01-23 10:05:31', '2021-01-23 10:05:31', 0),
(284, 69, 317, 'A', 'B', 'C', 'D', 1, '2021-01-23 10:05:46', '2021-01-23 10:05:46', 0),
(285, 69, 318, 'A', 'B', 'C', 'D', 2, '2021-01-23 10:06:01', '2021-01-23 10:06:01', 0),
(286, 69, 319, 'A', 'B', 'C', 'D', 3, '2021-01-23 10:06:14', '2021-01-23 10:06:14', 0),
(287, 69, 320, 'A', 'B', 'C', 'D', 4, '2021-01-23 10:06:28', '2021-01-23 10:06:28', 0),
(288, 69, 321, 'A', 'B', 'C', 'D', 1, '2021-01-23 10:06:55', '2021-01-23 10:06:55', 0),
(289, 69, 322, 'A', 'B', 'C', 'D', 2, '2021-01-23 10:07:22', '2021-01-23 10:07:22', 0);

-- --------------------------------------------------------

--
-- Estructura de tabla para la tabla `pregunta_opcion_video`
--

CREATE TABLE `pregunta_opcion_video` (
  `id` int(5) NOT NULL,
  `idEvaluacion` int(11) DEFAULT NULL,
  `idPregunta` int(11) DEFAULT NULL,
  `nombre_video` varchar(255) DEFAULT NULL,
  `ruta_video` varchar(255) DEFAULT NULL,
  `extension` varchar(10) DEFAULT NULL,
  `fecha_creacion` datetime DEFAULT NULL,
  `fecha_ultimo_cambio` datetime DEFAULT NULL ON UPDATE CURRENT_TIMESTAMP,
  `deleted` int(11) NOT NULL DEFAULT '0'
) ENGINE=InnoDB DEFAULT CHARSET=utf8mb4;

-- --------------------------------------------------------

--
-- Estructura de tabla para la tabla `recursos`
--

CREATE TABLE `recursos` (
  `id` int(11) NOT NULL,
  `nombre` varchar(60) NOT NULL,
  `extencion` varchar(10) DEFAULT NULL,
  `tipo_recurso` int(11) NOT NULL,
  `id_evaluacion` int(11) DEFAULT NULL,
  `tipo_archivo` varchar(20) DEFAULT NULL,
  `id_curso` int(11) DEFAULT NULL,
  `id_nivel` int(11) DEFAULT NULL,
  `id_leccion` int(11) DEFAULT NULL,
  `ruta` text,
  `fecha_creacion` datetime NOT NULL,
  `fecha_ultimo_cambio` datetime NOT NULL DEFAULT CURRENT_TIMESTAMP,
  `deleted` int(2) NOT NULL
) ENGINE=MyISAM DEFAULT CHARSET=latin1;

--
-- Volcado de datos para la tabla `recursos`
--

INSERT INTO `recursos` (`id`, `nombre`, `extencion`, `tipo_recurso`, `id_evaluacion`, `tipo_archivo`, `id_curso`, `id_nivel`, `id_leccion`, `ruta`, `fecha_creacion`, `fecha_ultimo_cambio`, `deleted`) VALUES
(1, 'hall-50.jpg', 'jpg', 2, NULL, 'Jpg', NULL, NULL, NULL, '', '2020-11-04 16:28:42', '2020-11-04 16:28:42', 0),
(2, 'f55e979d94b9c3d527199250aebaf0fb.jpg', 'jpg', 2, NULL, 'Jpg', NULL, NULL, NULL, '', '2020-11-04 16:33:04', '2020-11-04 16:33:04', 0),
(3, 'bn-azul - copia.png', 'png', 2, NULL, 'Png', NULL, NULL, NULL, '', '2020-11-04 16:40:51', '2020-11-04 16:40:51', 0),
(4, 'bg-gf.png', 'png', 2, NULL, 'Png', NULL, NULL, NULL, '', '2020-11-04 16:50:33', '2020-11-04 16:50:33', 0),
(5, 'Video-2020-06-26-at-11.29.13.mp4', 'mp4', 2, NULL, 'Mp4', NULL, NULL, NULL, '', '2020-11-04 16:58:47', '2020-11-04 16:58:47', 0),
(6, 'pregunta-ingles-1.mp3', 'mp3', 2, NULL, 'Mp3', NULL, NULL, NULL, '', '2020-11-04 16:59:08', '2020-11-04 16:59:08', 0),
(7, 'INBI-1.pdf', 'pdf', 2, NULL, 'Pdf', NULL, NULL, NULL, '', '2020-11-04 16:59:24', '2020-11-04 16:59:24', 0),
(8, 'Carga Prueba.xlsx', 'xlsx', 2, NULL, 'Excel', NULL, NULL, NULL, '', '2020-11-04 16:59:39', '2020-11-04 16:59:39', 0),
(9, 'Carga deprueba Word.docx', 'docx', 2, NULL, 'Word', NULL, NULL, NULL, '', '2020-11-04 17:00:07', '2020-11-04 17:00:07', 0),
(10, 'wallpapertip_wallpapers-4k-para-pc_914296.jpg', 'jpg', 2, NULL, 'Jpg', NULL, NULL, NULL, 'recursos/jpg/wallpapertip_wallpapers-4k-para-pc_914296.jpg', '2020-12-04 18:25:43', '2020-12-04 18:25:43', 0),
(11, 'Nuevas respuestas Inbi.docx', 'docx', 2, NULL, 'Word', NULL, NULL, NULL, 'recursos/docx/Nuevas respuestas Inbi.docx', '2020-12-04 19:01:51', '2020-12-04 19:01:51', 0),
(12, 'wallpapertip_wallpapers-4k-para-pc_914296.jpg', 'jpg', 2, NULL, 'Jpg', NULL, NULL, NULL, 'recursos/jpg/wallpapertip_wallpapers-4k-para-pc_914296.jpg', '2020-12-15 18:31:39', '2020-12-15 18:31:39', 0),
(13, '4-46MEGAS.png', 'png', 2, NULL, 'Png', NULL, NULL, NULL, 'recursos/png/4-46MEGAS.png', '2020-12-16 12:33:10', '2020-12-16 12:33:10', 0),
(14, 'Eloquent_JavaScript.pdf', 'pdf', 4, NULL, 'Pdf', 3, 2, 3, 'recursos/Curso 123/Nivel 2/Sesion3/Eloquent_JavaScript.pdf', '2021-01-05 12:46:51', '2021-01-05 12:46:51', 0),
(16, 'Eloquent_JavaScript.pdf', 'pdf', 4, NULL, 'Pdf', 3, 2, 3, 'recursos/Curso 123/Nivel 2/Sesion3/Eloquent_JavaScript.pdf', '2021-01-05 13:04:08', '2021-01-05 13:04:08', 0),
(18, 'Eloquent_JavaScript.pdf', 'pdf', 4, NULL, 'Pdf', 3, 3, 3, 'recursos/Curso 123/Nivel 3/Sesion3/Eloquent_JavaScript.pdf', '2021-01-05 13:08:43', '2021-01-05 13:08:43', 0),
(19, 'Eloquent_JavaScript.pdf', 'pdf', 4, NULL, 'Pdf', 1, 1, 1, 'recursos/Curso de prueba/Nivel 1/Sesion1/Eloquent_JavaScript.pdf', '2021-01-05 13:15:50', '2021-01-20 11:56:12', 0),
(44, '', NULL, 1, 55, NULL, 3, 1, 1, NULL, '2021-01-14 13:14:07', '2021-01-14 13:14:07', 0),
(24, 'Diapositiva4.JPG', 'JPG', 2, NULL, 'Desconocido', 4, 2, 1, 'recursos/Curso Diciembre 2020/Nivel 2/Sesion1/Diapositiva4.JPG', '2021-01-07 12:17:14', '2021-01-07 12:17:14', 0),
(25, 'Diapositiva4.JPG', 'JPG', 2, NULL, 'Desconocido', 3, 1, 2, 'recursos/Curso 123/Nivel 1/Sesion2/Diapositiva4.JPG', '2021-01-07 12:17:39', '2021-01-07 12:17:39', 0),
(26, 'Diapositiva4.JPG', 'JPG', 2, NULL, 'Desconocido', 7, 1, 1, 'recursos/Curso de prueba enero 2021/Nivel 1/Sesion1/Diapositiva4.JPG', '2021-01-07 12:21:00', '2021-01-07 12:21:00', 0),
(27, '134045443_4621063364577187_9140819905050678304_n.jpg', 'jpg', 2, NULL, 'Jpg', 5, 1, 1, 'recursos/curso dsmm /Nivel 1/Sesion1/134045443_4621063364577187_9140819905050678304_n.jpg', '2021-01-07 12:39:07', '2021-01-07 12:39:07', 0),
(28, 'Mid term Nivel 1 LM', NULL, 1, 42, NULL, 8, 1, 10, NULL, '2021-01-07 14:34:17', '2021-01-07 14:34:17', 0),
(29, 'Prueba dsmm', NULL, 1, 43, NULL, 9, 1, 1, NULL, '2021-01-07 17:24:34', '2021-01-07 17:24:34', 0),
(30, 'prueba 2', NULL, 1, 44, NULL, 9, 1, 1, NULL, '2021-01-07 17:25:56', '2021-01-07 17:25:56', 0),
(31, 'IMG_4906.JPG', 'JPG', 2, NULL, 'Desconocido', 9, 1, 1, 'recursos/preba dsmm/Nivel 1/Sesion1/IMG_4906.JPG', '2021-01-07 17:26:57', '2021-01-07 17:26:57', 0),
(32, 'IMG_4906.JPG', 'JPG', 2, NULL, 'Desconocido', 9, 1, 1, 'recursos/preba dsmm/Nivel 1/Sesion1/IMG_4906.JPG', '2021-01-07 17:27:39', '2021-01-07 17:27:39', 0),
(33, 'IMG_4906.JPG', 'JPG', 2, NULL, 'Desconocido', 9, 1, 1, 'recursos/preba dsmm/Nivel 1/Sesion1/IMG_4906.JPG', '2021-01-07 17:28:04', '2021-01-07 17:28:04', 0),
(34, 'armando', NULL, 1, 45, NULL, 10, 1, 1, NULL, '2021-01-07 17:43:47', '2021-01-07 17:43:47', 0),
(35, 'Prueba 07 enero 2021', NULL, 1, 46, NULL, 8, 1, 1, NULL, '2021-01-07 18:46:04', '2021-01-07 18:46:04', 0),
(36, 'Prueba nueva dsmm', NULL, 1, 47, NULL, 9, 1, 1, NULL, '2021-01-07 19:00:25', '2021-01-07 19:00:25', 0),
(37, 'Final exam Nivel 1', NULL, 1, 48, NULL, 8, 1, 20, NULL, '2021-01-08 12:32:31', '2021-01-08 12:32:31', 0),
(38, 's', NULL, 1, 49, NULL, 1, 1, 1, NULL, '2021-01-09 11:51:49', '2021-01-09 11:51:49', 0),
(39, 'Examen - 1', NULL, 1, 50, NULL, 2, 1, 1, NULL, '2021-01-13 17:16:53', '2021-01-13 17:16:53', 0),
(40, 'Examen - 2', NULL, 1, 51, NULL, 2, 1, 2, NULL, '2021-01-13 17:27:34', '2021-01-13 17:27:34', 0),
(43, 'Ejercicio 1', NULL, 1, 54, NULL, 11, 1, 1, NULL, '2021-01-13 19:16:58', '2021-01-13 19:16:58', 0),
(41, 'Ejercicio 1', NULL, 1, 52, NULL, 2, 1, 1, NULL, '2021-01-13 17:30:49', '2021-01-13 17:30:49', 0),
(42, 'Ejercicio 2', NULL, 1, 53, NULL, 2, 1, 2, NULL, '2021-01-13 17:33:18', '2021-01-13 17:33:18', 0),
(45, 'Ejercicio Sesion 1', NULL, 1, 56, NULL, 12, 1, 1, NULL, '2021-01-20 13:14:39', '2021-01-20 13:14:39', 0),
(46, 'ejercicio sesion 2', NULL, 1, 57, NULL, 12, 1, 2, NULL, '2021-01-20 13:26:34', '2021-01-20 13:26:34', 0),
(47, 'Sesión 1 Nivel 1', NULL, 1, 58, NULL, 13, 1, 1, NULL, '2021-01-21 11:48:38', '2021-01-21 11:48:38', 0),
(48, 'Sesión 2 Nivel 1', NULL, 1, 59, NULL, 13, 1, 2, NULL, '2021-01-21 12:05:07', '2021-01-21 12:05:07', 0),
(49, 'Sesión 3 Nivel 1', NULL, 1, 60, NULL, 13, 1, 3, NULL, '2021-01-21 12:15:22', '2021-01-21 12:15:22', 0),
(50, 'Sesion 4 Nivel 1', NULL, 1, 61, NULL, 13, 1, 4, NULL, '2021-01-21 12:25:17', '2021-01-21 12:25:17', 0),
(51, 'Sesión 5 Nivel 1', NULL, 1, 62, NULL, 13, 1, 5, NULL, '2021-01-21 13:04:09', '2021-01-21 13:04:09', 0),
(52, 'Examen de medio termino nivel 1', NULL, 1, 63, NULL, 13, 1, 6, NULL, '2021-01-21 13:27:14', '2021-01-21 13:27:14', 0),
(53, 'Sesión 7 Nivel 1', NULL, 1, 64, NULL, 13, 1, 7, NULL, '2021-01-21 14:08:47', '2021-01-21 14:08:47', 0),
(54, 'Sesión 8 Nivel 1', NULL, 1, 65, NULL, 13, 1, 8, NULL, '2021-01-21 17:58:14', '2021-01-21 17:58:14', 0),
(55, 'Sesión 9 Nivel 1', NULL, 1, 66, NULL, 13, 1, 9, NULL, '2021-01-21 18:07:20', '2021-01-21 18:07:20', 0),
(56, 'Sesión 10 Nivel 1', NULL, 1, 67, NULL, 13, 1, 10, NULL, '2021-01-21 18:25:51', '2021-01-21 18:25:51', 0),
(57, 'Sesión 11 Nivel 1', NULL, 1, 68, NULL, 13, 1, 11, NULL, '2021-01-21 18:34:58', '2021-01-21 18:34:58', 0),
(58, 'Examen Final Nivel 1', NULL, 1, 69, NULL, 13, 1, 12, NULL, '2021-01-21 18:40:32', '2021-01-21 18:40:32', 0),
(59, 'Sesion 1.pdf', 'pdf', 4, NULL, 'Pdf', 13, 1, 1, 'recursos/INBI online (lunes, miércoles y viernes)/Nivel 1/Sesion1/Sesion 1.pdf', '2021-01-22 11:51:41', '2021-01-22 11:51:41', 0),
(60, 'Sesion 2.pdf', 'pdf', 4, NULL, 'Pdf', 13, 1, 2, 'recursos/INBI online (lunes, miércoles y viernes)/Nivel 1/Sesion2/Sesion 2.pdf', '2021-01-22 11:52:10', '2021-01-22 11:52:10', 0),
(61, 'Sesion 3.pdf', 'pdf', 4, NULL, 'Pdf', 13, 1, 3, 'recursos/INBI online (lunes, miércoles y viernes)/Nivel 1/Sesion3/Sesion 3.pdf', '2021-01-22 11:52:28', '2021-01-22 11:52:28', 0),
(62, 'Sesion 4.pdf', 'pdf', 4, NULL, 'Pdf', 13, 1, 4, 'recursos/INBI online (lunes, miércoles y viernes)/Nivel 1/Sesion4/Sesion 4.pdf', '2021-01-22 11:52:42', '2021-01-22 11:52:42', 0),
(63, 'Sesion 5.pdf', 'pdf', 4, NULL, 'Pdf', 13, 1, 5, 'recursos/INBI online (lunes, miércoles y viernes)/Nivel 1/Sesion5/Sesion 5.pdf', '2021-01-22 11:53:06', '2021-01-22 11:53:06', 0),
(64, 'Sesion 7.pdf', 'pdf', 4, NULL, 'Pdf', 13, 1, 7, 'recursos/INBI online (lunes, miércoles y viernes)/Nivel 1/Sesion7/Sesion 7.pdf', '2021-01-22 11:53:19', '2021-01-22 11:53:19', 0),
(65, 'Sesion 8.pdf', 'pdf', 4, NULL, 'Pdf', 13, 1, 8, 'recursos/INBI online (lunes, miércoles y viernes)/Nivel 1/Sesion8/Sesion 8.pdf', '2021-01-22 11:53:34', '2021-01-22 11:53:34', 0),
(66, 'Sesion 9.pdf', 'pdf', 4, NULL, 'Pdf', 13, 1, 9, 'recursos/INBI online (lunes, miércoles y viernes)/Nivel 1/Sesion9/Sesion 9.pdf', '2021-01-22 11:53:48', '2021-01-22 11:53:48', 0),
(67, 'Sesion 10.pdf', 'pdf', 4, NULL, 'Pdf', 13, 1, 10, 'recursos/INBI online (lunes, miércoles y viernes)/Nivel 1/Sesion10/Sesion 10.pdf', '2021-01-22 11:54:05', '2021-01-22 11:54:05', 0),
(68, 'Sesion 11.pdf', 'pdf', 4, NULL, 'Pdf', 13, 1, 11, 'recursos/INBI online (lunes, miércoles y viernes)/Nivel 1/Sesion11/Sesion 11.pdf', '2021-01-22 11:54:18', '2021-01-22 11:54:18', 0),
(69, 'prueba', NULL, 1, 70, NULL, 1, 1, 1, NULL, '2021-01-22 16:17:03', '2021-01-23 09:11:38', 0),
(70, 'Gerardo Flores - Omitir', NULL, 1, 71, NULL, 2, 1, 1, NULL, '2021-01-22 16:21:27', '2021-01-22 16:21:27', 0),
(71, 'pru', NULL, 1, 72, NULL, 1, 1, 1, NULL, '2021-01-22 16:28:46', '2021-01-22 16:28:46', 0),
(72, 'asas', NULL, 1, 73, NULL, 1, 1, 1, NULL, '2021-01-22 16:30:44', '2021-01-22 16:30:44', 0),
(73, 'Gerardo Flores', NULL, 1, 74, NULL, 2, 1, 1, NULL, '2021-01-22 16:32:38', '2021-01-22 16:32:38', 0),
(74, 'GF Test', NULL, 1, 75, NULL, 2, 1, 1, NULL, '2021-01-22 16:34:38', '2021-01-22 16:34:38', 0),
(75, 'GF TEST 2', NULL, 1, 76, NULL, 2, 1, 1, NULL, '2021-01-22 16:48:35', '2021-01-22 16:48:35', 0),
(76, 'gf t3', NULL, 1, 77, NULL, 2, 1, 1, NULL, '2021-01-22 17:07:13', '2021-01-22 17:07:13', 0),
(77, 'GF TEST4', NULL, 1, 78, NULL, 2, 1, 1, NULL, '2021-01-22 17:20:08', '2021-01-22 17:20:08', 0),
(78, 'GF TEST 5', NULL, 1, 79, NULL, 2, 1, 1, NULL, '2021-01-22 17:33:22', '2021-01-22 17:33:22', 0),
(79, 'gf test 10', NULL, 1, 80, NULL, 1, 1, 1, NULL, '2021-01-22 17:44:18', '2021-01-22 17:44:18', 0),
(80, 'GF TEST 11', NULL, 1, 81, NULL, 2, 1, 1, NULL, '2021-01-22 17:50:22', '2021-01-22 17:50:22', 0);

-- --------------------------------------------------------

--
-- Estructura de tabla para la tabla `recurso_evaluacion`
--

CREATE TABLE `recurso_evaluacion` (
  `id` int(11) NOT NULL,
  `nombre` varchar(255) DEFAULT NULL,
  `tipo_evaluacion` int(5) DEFAULT NULL,
  `categoria_evaluacion` int(5) DEFAULT NULL,
  `nivel` int(5) NOT NULL,
  `sesion` int(5) NOT NULL,
  `usuario_creo` int(5) DEFAULT NULL,
  `usuario_modifico` int(5) DEFAULT NULL,
  `estado` int(5) DEFAULT NULL,
  `fecha_creacion` datetime DEFAULT NULL,
  `fecha_ultimo_cambio` datetime DEFAULT NULL ON UPDATE CURRENT_TIMESTAMP,
  `clave` varchar(60) DEFAULT NULL,
  `directorio_uploads` varchar(255) DEFAULT NULL,
  `deleted` int(11) NOT NULL DEFAULT '0'
) ENGINE=InnoDB DEFAULT CHARSET=utf8mb4;

-- --------------------------------------------------------

--
-- Estructura de tabla para la tabla `respuestas_preguntas`
--

CREATE TABLE `respuestas_preguntas` (
  `id` int(11) NOT NULL,
  `idEstudiante` int(11) DEFAULT NULL,
  `idEvaluacion` int(5) DEFAULT NULL,
  `idPregunta` int(5) DEFAULT NULL,
  `num_pregunta` int(5) DEFAULT NULL,
  `idTipoPregunta` int(5) DEFAULT NULL,
  `respuesta` text,
  `fecha_creacion` datetime DEFAULT NULL,
  `fecha_ultimo_mov` datetime DEFAULT NULL ON UPDATE CURRENT_TIMESTAMP,
  `deleted` int(11) NOT NULL DEFAULT '0'
) ENGINE=InnoDB DEFAULT CHARSET=utf8mb4;

-- --------------------------------------------------------

--
-- Estructura de tabla para la tabla `rolles`
--

CREATE TABLE `rolles` (
  `id` int(5) NOT NULL,
  `nombre` varchar(25) DEFAULT NULL,
  `descripcion` text,
  `fecha_creacion` datetime DEFAULT NULL,
  `fecha_ultimo_cambio` datetime DEFAULT NULL ON UPDATE CURRENT_TIMESTAMP,
  `deleted` int(11) NOT NULL DEFAULT '0'
) ENGINE=InnoDB DEFAULT CHARSET=utf8mb4;

--
-- Volcado de datos para la tabla `rolles`
--

INSERT INTO `rolles` (`id`, `nombre`, `descripcion`, `fecha_creacion`, `fecha_ultimo_cambio`, `deleted`) VALUES
(1, 'Estudiante', 'Esté roll es del estudiante', '2020-09-21 15:02:41', '2020-09-21 15:02:44', 0),
(2, 'Tutor', 'Esté roll es del tutor', '2020-09-21 15:02:45', '2020-09-21 15:02:48', 0),
(3, 'Teacher', 'Esté roll es de los maestros', '2020-09-21 15:02:48', '2020-09-21 15:02:50', 0),
(4, 'Editor', 'Esté roll es de los editor de encuestas y evaluados de examenes', '2020-09-21 15:02:51', '2020-09-21 15:02:54', 0),
(5, 'Administrador', 'Esté roll es de super admin', '2020-09-21 15:02:54', '2020-09-21 15:02:56', 0);

-- --------------------------------------------------------

--
-- Estructura de tabla para la tabla `salones`
--

CREATE TABLE `salones` (
  `id` int(11) NOT NULL,
  `nombre` varchar(60) NOT NULL,
  `comentarios` text NOT NULL,
  `fecha_creacion` datetime NOT NULL,
  `fecha_ultimo_cambio` datetime NOT NULL DEFAULT CURRENT_TIMESTAMP,
  `deleted` int(2) NOT NULL
) ENGINE=InnoDB DEFAULT CHARSET=latin1;

--
-- Volcado de datos para la tabla `salones`
--

INSERT INTO `salones` (`id`, `nombre`, `comentarios`, `fecha_creacion`, `fecha_ultimo_cambio`, `deleted`) VALUES
(1, 'Salon de prueba 1', 'Salón de prueba, comentarios 1', '2020-11-11 16:15:17', '2020-11-11 16:15:31', 0),
(2, 'salon dsmm', 'a', '2020-12-12 14:55:29', '2020-12-12 14:55:29', 0),
(3, 'Salon de prueba GF', 'Esto es una prueba de la creación de un salón de prueba', '2021-01-06 16:50:13', '2021-01-06 16:50:13', 0),
(4, 'Salón 1 Uni', 'LM', '2021-01-07 13:42:11', '2021-01-07 13:42:11', 0),
(5, 'prueba dsmm', 'comentario prueba dsmm', '2021-01-07 16:40:39', '2021-01-07 16:40:39', 0);

-- --------------------------------------------------------

--
-- Estructura de tabla para la tabla `tipo_evaluacion`
--

CREATE TABLE `tipo_evaluacion` (
  `id` int(5) NOT NULL,
  `nombre` varchar(60) DEFAULT NULL,
  `ruta_imagen` text NOT NULL,
  `descripcion` text,
  `fecha_creacion` datetime DEFAULT NULL,
  `fecha_ultimo_cambio` datetime DEFAULT NULL ON UPDATE CURRENT_TIMESTAMP,
  `deleted` int(11) NOT NULL DEFAULT '0'
) ENGINE=InnoDB DEFAULT CHARSET=utf8mb4;

--
-- Volcado de datos para la tabla `tipo_evaluacion`
--

INSERT INTO `tipo_evaluacion` (`id`, `nombre`, `ruta_imagen`, `descripcion`, `fecha_creacion`, `fecha_ultimo_cambio`, `deleted`) VALUES
(1, 'Sistema', '', 'Descripción de examen de Sistema', NULL, '2020-10-07 14:23:44', 0),
(2, 'EXCI', '', 'Descripción examen de EXCI', NULL, '2020-10-07 14:23:44', 0),
(3, 'Ubicación', '', 'Descripción examen de ubicación', NULL, '2020-10-07 14:23:44', 0);

-- --------------------------------------------------------

--
-- Estructura de tabla para la tabla `tipo_preguntas`
--

CREATE TABLE `tipo_preguntas` (
  `id` int(5) NOT NULL,
  `nombre` varchar(25) DEFAULT NULL,
  `descripcion` text,
  `fecha_creacion` datetime DEFAULT NULL,
  `fecha_ultimo_cambio` datetime DEFAULT NULL ON UPDATE CURRENT_TIMESTAMP,
  `deleted` int(11) NOT NULL DEFAULT '0'
) ENGINE=InnoDB DEFAULT CHARSET=utf8mb4;

--
-- Volcado de datos para la tabla `tipo_preguntas`
--

INSERT INTO `tipo_preguntas` (`id`, `nombre`, `descripcion`, `fecha_creacion`, `fecha_ultimo_cambio`, `deleted`) VALUES
(1, 'Abierta', NULL, '2020-09-23 17:54:53', '2020-09-23 17:55:12', 0),
(2, 'Opción Multiple', NULL, '2020-09-23 17:54:57', '2020-09-24 16:02:30', 0),
(3, 'Audio', NULL, '2020-09-23 17:55:00', '2020-09-23 17:55:17', 0),
(4, 'Video', NULL, '2020-09-23 17:55:03', '2020-09-23 17:55:20', 0),
(5, 'Falso o Verdadero', NULL, '2020-09-23 17:55:05', '2020-09-24 16:02:46', 0),
(6, 'Instrucciones', 'Cargar solo instrucciones', '2020-12-14 18:51:10', '2020-12-14 18:51:10', 0);

-- --------------------------------------------------------

--
-- Estructura de tabla para la tabla `tipo_recurso`
--

CREATE TABLE `tipo_recurso` (
  `id` int(11) NOT NULL,
  `nombre` varchar(60) NOT NULL,
  `fecha_creacion` datetime NOT NULL,
  `fecha_ultimo_cambio` datetime NOT NULL,
  `deleted` int(2) NOT NULL
) ENGINE=InnoDB DEFAULT CHARSET=latin1;

--
-- Volcado de datos para la tabla `tipo_recurso`
--

INSERT INTO `tipo_recurso` (`id`, `nombre`, `fecha_creacion`, `fecha_ultimo_cambio`, `deleted`) VALUES
(1, 'Formulario', '2021-01-05 12:52:40', '2021-01-05 12:52:40', 0),
(2, 'Imagen', '2021-01-05 12:52:40', '2021-01-05 12:52:40', 0),
(3, 'Multimedia', '2021-01-05 12:53:26', '2021-01-05 12:53:26', 0),
(4, 'Archivo', '2021-01-05 12:53:26', '2021-01-05 12:53:26', 0);

-- --------------------------------------------------------

--
-- Estructura de tabla para la tabla `tipo_recurso_evaluacion`
--

CREATE TABLE `tipo_recurso_evaluacion` (
  `id` int(11) NOT NULL,
  `nombre` varchar(60) NOT NULL,
  `fecha_creacion` datetime NOT NULL,
  `fecha_ultimo_cambio` datetime NOT NULL,
  `deleted` int(2) NOT NULL
) ENGINE=MyISAM DEFAULT CHARSET=latin1;

--
-- Volcado de datos para la tabla `tipo_recurso_evaluacion`
--

INSERT INTO `tipo_recurso_evaluacion` (`id`, `nombre`, `fecha_creacion`, `fecha_ultimo_cambio`, `deleted`) VALUES
(1, 'Ejercicio', '2021-01-04 16:54:24', '2021-01-04 16:54:24', 0),
(2, 'Examen', '2021-01-04 16:54:24', '2021-01-04 16:54:24', 0),
(3, 'Otros', '2021-01-04 16:54:58', '2021-01-04 16:54:58', 0);

-- --------------------------------------------------------

--
-- Estructura de tabla para la tabla `tipo_usuarios`
--

CREATE TABLE `tipo_usuarios` (
  `id` int(3) NOT NULL,
  `nombre` varchar(255) DEFAULT NULL,
  `fecha_creacion` datetime DEFAULT NULL,
  `fecha_ultimo_cambio` datetime DEFAULT NULL ON UPDATE CURRENT_TIMESTAMP,
  `deleted` int(11) NOT NULL DEFAULT '0'
) ENGINE=InnoDB DEFAULT CHARSET=utf8mb4;

--
-- Volcado de datos para la tabla `tipo_usuarios`
--

INSERT INTO `tipo_usuarios` (`id`, `nombre`, `fecha_creacion`, `fecha_ultimo_cambio`, `deleted`) VALUES
(1, 'Estudiante', '2020-09-29 15:41:14', '2020-09-29 15:41:17', 0),
(2, 'Tutor', '2020-09-29 15:41:25', '2020-09-29 15:41:27', 0),
(3, 'Teachers', '2020-09-29 15:41:36', '2020-09-29 15:41:38', 0),
(4, 'Editor', '2020-09-29 15:41:50', '2020-10-26 10:29:50', 0),
(5, 'Administrador', '2020-09-29 15:42:10', '2020-09-29 15:42:13', 0);

-- --------------------------------------------------------

--
-- Estructura de tabla para la tabla `tutores`
--

CREATE TABLE `tutores` (
  `id` int(11) NOT NULL,
  `id_usuario` int(11) NOT NULL,
  `id_alumno` int(11) NOT NULL,
  `id_direccion` int(11) NOT NULL,
  `parentesco` varchar(60) NOT NULL,
  `deleted` int(11) NOT NULL DEFAULT '0'
) ENGINE=InnoDB DEFAULT CHARSET=latin1;

-- --------------------------------------------------------

--
-- Estructura de tabla para la tabla `unidad_negocio`
--

CREATE TABLE `unidad_negocio` (
  `id` int(3) NOT NULL,
  `nombre` varchar(60) DEFAULT NULL,
  `direccion` text,
  `fecha_creacion` datetime DEFAULT NULL,
  `fecha_ultimo_cambio` datetime DEFAULT NULL ON UPDATE CURRENT_TIMESTAMP,
  `deleted` int(11) NOT NULL DEFAULT '0'
) ENGINE=InnoDB DEFAULT CHARSET=utf8mb4;

--
-- Volcado de datos para la tabla `unidad_negocio`
--

INSERT INTO `unidad_negocio` (`id`, `nombre`, `direccion`, `fecha_creacion`, `fecha_ultimo_cambio`, `deleted`) VALUES
(1, 'INBI', 'Dirección', '2020-10-05 18:16:04', '2020-10-06 09:17:46', 0);

-- --------------------------------------------------------

--
-- Estructura de tabla para la tabla `usuarios`
--

CREATE TABLE `usuarios` (
  `id` int(11) NOT NULL,
  `nombre` varchar(50) DEFAULT NULL,
  `apellido_paterno` varchar(50) DEFAULT NULL,
  `apellido_materno` varchar(50) DEFAULT NULL,
  `usuario` varchar(50) DEFAULT NULL,
  `password` varchar(50) DEFAULT NULL,
  `email` varchar(60) NOT NULL,
  `estado` tinyint(1) DEFAULT NULL,
  `telefono` varchar(20) NOT NULL,
  `movil` varchar(20) NOT NULL,
  `id_direccion` int(11) NOT NULL,
  `roll` int(11) DEFAULT NULL,
  `fecha_creacion` datetime DEFAULT NULL,
  `fecha_ultimo_cambio` datetime DEFAULT NULL ON UPDATE CURRENT_TIMESTAMP,
  `id_tipo_usuario` int(3) DEFAULT NULL,
  `deleted` int(11) NOT NULL DEFAULT '0'
) ENGINE=InnoDB DEFAULT CHARSET=utf8mb4;

--
-- Volcado de datos para la tabla `usuarios`
--

INSERT INTO `usuarios` (`id`, `nombre`, `apellido_paterno`, `apellido_materno`, `usuario`, `password`, `email`, `estado`, `telefono`, `movil`, `id_direccion`, `roll`, `fecha_creacion`, `fecha_ultimo_cambio`, `id_tipo_usuario`, `deleted`) VALUES
(1, 'Gerardo', 'Flores', 'de la Cruz', 'isc.gerardoflores@gmail.com', '12345', 'isc.gerardoflores@gmail.com', 1, '', '', 0, 5, '2020-09-21 12:28:51', '2020-10-05 16:47:54', 5, 0),
(2, 'Hugo', 'Flores', 'de la Cruz', 'hugo@gmail.com', '12345', 'hugo@gmail.com', 1, '', '', 0, 4, '2020-09-21 16:14:47', '2020-10-05 16:48:05', 4, 0),
(4, 'Saby', 'Flores', 'de la Cruz', 'saby@gmail.com', '12345', 'saby@gmail.com', 1, '', '', 0, 2, '2020-09-21 16:15:55', '2020-10-05 16:48:24', 2, 0),
(6, 'Armando', 'Molina', 'Molina', 'armando.molina@inbi.mx', '12345', 'armando.molina@inbi.mx', 1, '', '', 0, 4, '2020-10-05 13:08:14', '2020-10-05 16:48:45', 4, 0),
(7, 'Daniel', 'Gonzalez', 'Gonazalez', 'daniel.gonzalez@inbi.mx', '12345', 'daniel.gonzalez@inbi.mx', 1, '', '', 0, 4, '2020-10-05 13:08:14', '2020-10-05 16:48:54', 4, 0),
(8, 'Gerardo', 'Escudero', 'Artigas', 'gerardo.escudero@gmail.com', '12345', 'gerardo.escudero@gmail.com', 1, '24234234234', '746807463', 0, 2, '2020-10-05 17:42:48', '2020-10-05 16:47:44', 2, 0),
(9, 'Luis', 'Flores', 'Flores', 'luis@gmail.com', '12345', 'luis@gmail.com', 1, '7468920283', '7468828282', 0, 2, '2020-10-06 22:05:20', '2020-10-06 22:05:20', 2, 0),
(10, 'Daniel de Jesús ', 'Rodríguez', 'González', 'Teacher Daniel', 'tdg123', 'daniel.gonzalez@inbi.mx', 1, '8120268823', '8120268823', 0, 2, '2020-10-07 14:16:38', '2020-11-26 14:57:44', 2, 0),
(17, 'David', 'Molina', 'Molina', 'david.molina@inbi.mx', '12345', 'david.molina@inbi.mx', 1, '8181818181', '8182838485', 11, 4, '2020-11-24 15:17:05', '2021-01-07 10:18:28', 4, 0),
(19, 'Angeles', 'Jonguitd', 'Flores', 'angeles.jonguitd@gmail.com', '12345', 'angeles.jonguitd@gmail.com', 1, '20283', '746782345', 8, 1, '2020-11-26 16:00:07', '2020-11-28 08:46:41', 1, 0),
(20, 'Frida', 'Jonguitd', 'Flores', 'frida.jonguitd', '12345', 'frida.jonguitd@gmail.com', 1, '2828282', '74652522', 9, 1, '2020-11-26 16:01:42', '2020-11-26 16:01:42', 1, 0),
(21, 'Sarahi', 'Flores', 'Meza', 'sarahi@gmail.com', '12345', 'sarahi@gmail.com', 1, '74829292', '7364646464', 10, 1, '2020-11-26 16:03:01', '2021-01-13 16:03:06', 1, 0),
(22, 'Samir', 'Flores', 'Espinoza', 'samir', '12345', 'samir@gmail.com', 1, '1234567', '76543345676', 11, 1, '2020-11-26 16:05:12', '2020-11-26 16:05:12', 1, 0),
(23, 'Ivan Isarel', 'Orellan', 'Flores', 'ivan.israel', '12345', 'ivan.israel@gmail.com', 1, '83838383', '919192228282', 12, 1, '2020-11-26 16:06:39', '2020-11-26 16:06:39', 1, 0),
(24, 'Sheila', 'Espinoza', 'Oaxaca', 'sheila', '12345', 'sheila@gmail.com', 1, '748737373', '9392373636', 13, 3, '2020-11-26 16:08:25', '2020-11-26 16:08:25', 3, 0),
(25, 'Vanesa', 'Flores', 'Flores', 'vanesa@gmail.com', '12345', 'vanesa@gmail.com', 1, '8111783753', '7468828282', 14, 3, '2020-11-26 16:09:54', '2020-12-12 09:43:31', 3, 0),
(26, 'Isabel', 'xx', 'yy', 'isabel', '12345', 'isabel@gmail.com', 1, '83838383', '829292828282', 15, 3, '2020-11-26 16:11:38', '2020-11-26 16:11:38', 3, 0),
(27, 'david', 'Molina', 'Martinez', 'dmolina', '12345', 'd@d.com', 1, '8180761748', '8180761748', 16, 1, '2020-12-12 15:13:06', '2020-12-12 15:13:06', 1, 0),
(28, 'angel', 'lopez', 'rdz', 'alopez', '12345', 'a@a.com', 1, '', '', 17, 3, '2020-12-12 15:14:59', '2020-12-12 15:14:59', 3, 0),
(29, 'Luis', 'Puente', 'Tamez', 'luis.puente@inbi.mx', '12345', 'luis.puente@inbi.mx', 1, '8181818181', '8182838485', 1, 4, '2021-01-07 13:21:45', '2021-01-07 13:21:45', 4, 0),
(30, 'Kevin Alejandro', 'Martinez', 'Puente', 'kevin@gmail.com', '12345', 'kevin@gmail.com', 1, '8116722694', '8116722694', 18, 1, '2021-01-07 17:36:06', '2021-01-07 17:36:06', 1, 0),
(31, 'Eduardo', 'Galeano', 'Galeano', 'eduardo@gmail.com', '12345', 'eduardo@gmail.com', 1, '5252525252', '5252525252', 19, 1, '2021-01-09 11:39:08', '2021-01-09 11:39:08', 1, 0),
(32, 'luis ', 'a', 'a', 'a@a.com', '12345', 'a@a.com', 1, '', '8180761486', 20, 1, '2021-01-13 19:30:13', '2021-01-13 19:30:13', 1, 0),
(33, 'Jazbe', 'Jonquitud', 'Flores', 'jazbe@gmail.com', '12345', 'jazbe@gmail.com', 1, '3434343434', '7461073434', 21, 1, '2021-01-18 12:10:54', '2021-01-18 11:10:54', 1, 2021),
(34, 'Jazbe', 'Jonguitud', 'Flores', 'jazbe@gmail.com', '12345', 'jazbe@gmail.com', 1, '8282828282', '7464821234', 22, 1, '2021-01-18 12:29:53', '2021-01-18 12:29:53', 1, 0),
(35, 'Luis', 'Miguel', 'Puente', 'luis.puente@inbi.mx', '12345', 'luis.puente@inbi.mx', 1, '', '8180761487', 23, 1, '2021-01-21 18:08:50', '2021-01-21 18:08:50', 1, 0),
(36, 'Karen', 'Espinoza', '', 'karen.espinoza@inbi.mx', '12345', 'karen.espinoza@inbi.mx', 1, '', '8180761476', 24, 1, '2021-01-21 18:09:47', '2021-01-21 18:09:47', 1, 0),
(37, 'Yaretssi', 'obregon ', '', 'yare.obregon@inbi.mx', '12345', 'yare.obregon@inbi.mx', 1, '', '8180761476', 25, 1, '2021-01-21 18:11:02', '2021-01-21 18:11:02', 1, 0),
(38, 'Armando', 'Molina', 'Martínez', 'armando molina', 'armando', 'armando.teacher@gmail.com', 1, '8188188181', '8188188182', 26, 3, '2021-01-22 12:14:06', '2021-01-22 12:14:06', 3, 0),
(39, 'Jabnely ', 'Quevedo', 'Ramirez', 'jabnely quevedo', 'jabnely', 'jabnely.teacher@inbi.mx', 1, '8188188183', '8188188184', 27, 3, '2021-01-22 13:05:27', '2021-01-22 13:05:27', 3, 0),
(40, 'Armando', 'Alumno', 'a', 'armando@alumno.com', 'armando', 'armando@alumno.com', 1, '8181818118', '8181181871', 28, 1, '2021-01-23 12:12:36', '2021-01-23 12:12:36', 1, 0);

-- --------------------------------------------------------

--
-- Estructura de tabla para la tabla `valor_asistencia_frecuencia`
--

CREATE TABLE `valor_asistencia_frecuencia` (
  `id` int(11) NOT NULL,
  `id_frecuencia` int(11) NOT NULL,
  `lunes` decimal(10,2) DEFAULT NULL,
  `martes` decimal(10,2) DEFAULT NULL,
  `miercoles` decimal(10,2) DEFAULT NULL,
  `jueves` decimal(10,2) DEFAULT NULL,
  `viernes` decimal(10,2) DEFAULT NULL,
  `sabado` decimal(10,2) DEFAULT NULL,
  `domingo` decimal(10,2) DEFAULT NULL,
  `fecha_creacion` datetime NOT NULL,
  `fecha_ultimo_cambio` datetime NOT NULL,
  `deleted` int(2) NOT NULL
) ENGINE=InnoDB DEFAULT CHARSET=latin1;

--
-- Volcado de datos para la tabla `valor_asistencia_frecuencia`
--

INSERT INTO `valor_asistencia_frecuencia` (`id`, `id_frecuencia`, `lunes`, `martes`, `miercoles`, `jueves`, `viernes`, `sabado`, `domingo`, `fecha_creacion`, `fecha_ultimo_cambio`, `deleted`) VALUES
(1, 5, 1.00, 0.00, 1.00, 0.00, 1.00, 0.00, 0.00, '2020-12-22 17:45:51', '2020-12-22 17:45:51', 0),
(2, 6, 5.00, 5.00, 5.00, 0.00, 0.00, 0.00, 0.00, '2020-12-22 17:46:27', '2020-12-22 17:46:27', 0);

--
-- Índices para tablas volcadas
--

--
-- Indices de la tabla `accesos`
--
ALTER TABLE `accesos`
  ADD PRIMARY KEY (`id`);

--
-- Indices de la tabla `alumnos`
--
ALTER TABLE `alumnos`
  ADD PRIMARY KEY (`id`);

--
-- Indices de la tabla `asistencia_grupo`
--
ALTER TABLE `asistencia_grupo`
  ADD PRIMARY KEY (`id`);

--
-- Indices de la tabla `black_list`
--
ALTER TABLE `black_list`
  ADD PRIMARY KEY (`id`);

--
-- Indices de la tabla `cardex_curso`
--
ALTER TABLE `cardex_curso`
  ADD PRIMARY KEY (`id`);

--
-- Indices de la tabla `catalogo_valores_asistencia`
--
ALTER TABLE `catalogo_valores_asistencia`
  ADD PRIMARY KEY (`id`);

--
-- Indices de la tabla `categorias_evaluaciones`
--
ALTER TABLE `categorias_evaluaciones`
  ADD PRIMARY KEY (`id`);

--
-- Indices de la tabla `categoria_recurso_evaluacion`
--
ALTER TABLE `categoria_recurso_evaluacion`
  ADD PRIMARY KEY (`id`);

--
-- Indices de la tabla `ciclos`
--
ALTER TABLE `ciclos`
  ADD PRIMARY KEY (`id`);

--
-- Indices de la tabla `control_grupos_calificaciones_evaluaciones`
--
ALTER TABLE `control_grupos_calificaciones_evaluaciones`
  ADD PRIMARY KEY (`id`);

--
-- Indices de la tabla `control_respuestas`
--
ALTER TABLE `control_respuestas`
  ADD PRIMARY KEY (`id`);

--
-- Indices de la tabla `cursos`
--
ALTER TABLE `cursos`
  ADD PRIMARY KEY (`id`);

--
-- Indices de la tabla `direcciones`
--
ALTER TABLE `direcciones`
  ADD PRIMARY KEY (`id`);

--
-- Indices de la tabla `empleados`
--
ALTER TABLE `empleados`
  ADD PRIMARY KEY (`id`);

--
-- Indices de la tabla `entidades_federativas`
--
ALTER TABLE `entidades_federativas`
  ADD PRIMARY KEY (`id`);

--
-- Indices de la tabla `evaluaciones`
--
ALTER TABLE `evaluaciones`
  ADD PRIMARY KEY (`id`);

--
-- Indices de la tabla `frecuencia`
--
ALTER TABLE `frecuencia`
  ADD PRIMARY KEY (`id`);

--
-- Indices de la tabla `grupos`
--
ALTER TABLE `grupos`
  ADD PRIMARY KEY (`id`);

--
-- Indices de la tabla `grupo_alumnos`
--
ALTER TABLE `grupo_alumnos`
  ADD PRIMARY KEY (`id`);

--
-- Indices de la tabla `grupo_evaluacion`
--
ALTER TABLE `grupo_evaluacion`
  ADD PRIMARY KEY (`id`);

--
-- Indices de la tabla `grupo_recursos`
--
ALTER TABLE `grupo_recursos`
  ADD PRIMARY KEY (`id`);

--
-- Indices de la tabla `grupo_teachers`
--
ALTER TABLE `grupo_teachers`
  ADD PRIMARY KEY (`id`);

--
-- Indices de la tabla `horarios`
--
ALTER TABLE `horarios`
  ADD PRIMARY KEY (`id`);

--
-- Indices de la tabla `kardex`
--
ALTER TABLE `kardex`
  ADD PRIMARY KEY (`id`);

--
-- Indices de la tabla `lecciones_evaluacion`
--
ALTER TABLE `lecciones_evaluacion`
  ADD PRIMARY KEY (`id`);

--
-- Indices de la tabla `maestros`
--
ALTER TABLE `maestros`
  ADD PRIMARY KEY (`id`);

--
-- Indices de la tabla `modalidad`
--
ALTER TABLE `modalidad`
  ADD PRIMARY KEY (`id`);

--
-- Indices de la tabla `niveles_evaluacion`
--
ALTER TABLE `niveles_evaluacion`
  ADD PRIMARY KEY (`id`);

--
-- Indices de la tabla `niveles_grupo`
--
ALTER TABLE `niveles_grupo`
  ADD PRIMARY KEY (`id`);

--
-- Indices de la tabla `notificaciones`
--
ALTER TABLE `notificaciones`
  ADD PRIMARY KEY (`id`);

--
-- Indices de la tabla `paginas`
--
ALTER TABLE `paginas`
  ADD PRIMARY KEY (`id`);

--
-- Indices de la tabla `paises`
--
ALTER TABLE `paises`
  ADD PRIMARY KEY (`id`);

--
-- Indices de la tabla `planteles`
--
ALTER TABLE `planteles`
  ADD PRIMARY KEY (`id`);

--
-- Indices de la tabla `preguntas`
--
ALTER TABLE `preguntas`
  ADD PRIMARY KEY (`id`);

--
-- Indices de la tabla `preguntas_formulario`
--
ALTER TABLE `preguntas_formulario`
  ADD PRIMARY KEY (`id`);

--
-- Indices de la tabla `pregunta_formulario_opcion_multiple`
--
ALTER TABLE `pregunta_formulario_opcion_multiple`
  ADD PRIMARY KEY (`id`);

--
-- Indices de la tabla `pregunta_opcion_audio`
--
ALTER TABLE `pregunta_opcion_audio`
  ADD PRIMARY KEY (`id`);

--
-- Indices de la tabla `pregunta_opcion_multiple`
--
ALTER TABLE `pregunta_opcion_multiple`
  ADD PRIMARY KEY (`id`);

--
-- Indices de la tabla `pregunta_opcion_video`
--
ALTER TABLE `pregunta_opcion_video`
  ADD PRIMARY KEY (`id`);

--
-- Indices de la tabla `recursos`
--
ALTER TABLE `recursos`
  ADD PRIMARY KEY (`id`);

--
-- Indices de la tabla `respuestas_preguntas`
--
ALTER TABLE `respuestas_preguntas`
  ADD PRIMARY KEY (`id`);

--
-- Indices de la tabla `rolles`
--
ALTER TABLE `rolles`
  ADD PRIMARY KEY (`id`);

--
-- Indices de la tabla `salones`
--
ALTER TABLE `salones`
  ADD PRIMARY KEY (`id`);

--
-- Indices de la tabla `tipo_evaluacion`
--
ALTER TABLE `tipo_evaluacion`
  ADD PRIMARY KEY (`id`);

--
-- Indices de la tabla `tipo_preguntas`
--
ALTER TABLE `tipo_preguntas`
  ADD PRIMARY KEY (`id`);

--
-- Indices de la tabla `tipo_recurso`
--
ALTER TABLE `tipo_recurso`
  ADD PRIMARY KEY (`id`);

--
-- Indices de la tabla `tipo_recurso_evaluacion`
--
ALTER TABLE `tipo_recurso_evaluacion`
  ADD PRIMARY KEY (`id`);

--
-- Indices de la tabla `tipo_usuarios`
--
ALTER TABLE `tipo_usuarios`
  ADD PRIMARY KEY (`id`);

--
-- Indices de la tabla `unidad_negocio`
--
ALTER TABLE `unidad_negocio`
  ADD PRIMARY KEY (`id`);

--
-- Indices de la tabla `usuarios`
--
ALTER TABLE `usuarios`
  ADD PRIMARY KEY (`id`);

--
-- Indices de la tabla `valor_asistencia_frecuencia`
--
ALTER TABLE `valor_asistencia_frecuencia`
  ADD PRIMARY KEY (`id`);

--
-- AUTO_INCREMENT de las tablas volcadas
--

--
-- AUTO_INCREMENT de la tabla `accesos`
--
ALTER TABLE `accesos`
  MODIFY `id` int(5) NOT NULL AUTO_INCREMENT, AUTO_INCREMENT=11;

--
-- AUTO_INCREMENT de la tabla `alumnos`
--
ALTER TABLE `alumnos`
  MODIFY `id` int(11) NOT NULL AUTO_INCREMENT, AUTO_INCREMENT=15;

--
-- AUTO_INCREMENT de la tabla `asistencia_grupo`
--
ALTER TABLE `asistencia_grupo`
  MODIFY `id` int(11) NOT NULL AUTO_INCREMENT, AUTO_INCREMENT=81;

--
-- AUTO_INCREMENT de la tabla `black_list`
--
ALTER TABLE `black_list`
  MODIFY `id` int(5) NOT NULL AUTO_INCREMENT;

--
-- AUTO_INCREMENT de la tabla `cardex_curso`
--
ALTER TABLE `cardex_curso`
  MODIFY `id` int(11) NOT NULL AUTO_INCREMENT;

--
-- AUTO_INCREMENT de la tabla `catalogo_valores_asistencia`
--
ALTER TABLE `catalogo_valores_asistencia`
  MODIFY `id` int(11) NOT NULL AUTO_INCREMENT, AUTO_INCREMENT=5;

--
-- AUTO_INCREMENT de la tabla `categorias_evaluaciones`
--
ALTER TABLE `categorias_evaluaciones`
  MODIFY `id` int(11) NOT NULL AUTO_INCREMENT, AUTO_INCREMENT=6;

--
-- AUTO_INCREMENT de la tabla `categoria_recurso_evaluacion`
--
ALTER TABLE `categoria_recurso_evaluacion`
  MODIFY `id` int(11) NOT NULL AUTO_INCREMENT, AUTO_INCREMENT=4;

--
-- AUTO_INCREMENT de la tabla `ciclos`
--
ALTER TABLE `ciclos`
  MODIFY `id` int(5) NOT NULL AUTO_INCREMENT, AUTO_INCREMENT=16;

--
-- AUTO_INCREMENT de la tabla `control_grupos_calificaciones_evaluaciones`
--
ALTER TABLE `control_grupos_calificaciones_evaluaciones`
  MODIFY `id` int(11) NOT NULL AUTO_INCREMENT, AUTO_INCREMENT=29;

--
-- AUTO_INCREMENT de la tabla `control_respuestas`
--
ALTER TABLE `control_respuestas`
  MODIFY `id` int(11) NOT NULL AUTO_INCREMENT, AUTO_INCREMENT=310;

--
-- AUTO_INCREMENT de la tabla `cursos`
--
ALTER TABLE `cursos`
  MODIFY `id` int(11) NOT NULL AUTO_INCREMENT, AUTO_INCREMENT=14;

--
-- AUTO_INCREMENT de la tabla `direcciones`
--
ALTER TABLE `direcciones`
  MODIFY `id` int(11) NOT NULL AUTO_INCREMENT, AUTO_INCREMENT=29;

--
-- AUTO_INCREMENT de la tabla `empleados`
--
ALTER TABLE `empleados`
  MODIFY `id` int(11) NOT NULL AUTO_INCREMENT;

--
-- AUTO_INCREMENT de la tabla `entidades_federativas`
--
ALTER TABLE `entidades_federativas`
  MODIFY `id` int(11) NOT NULL AUTO_INCREMENT, AUTO_INCREMENT=33;

--
-- AUTO_INCREMENT de la tabla `evaluaciones`
--
ALTER TABLE `evaluaciones`
  MODIFY `id` int(11) NOT NULL AUTO_INCREMENT, AUTO_INCREMENT=82;

--
-- AUTO_INCREMENT de la tabla `frecuencia`
--
ALTER TABLE `frecuencia`
  MODIFY `id` int(11) NOT NULL AUTO_INCREMENT, AUTO_INCREMENT=12;

--
-- AUTO_INCREMENT de la tabla `grupos`
--
ALTER TABLE `grupos`
  MODIFY `id` int(5) NOT NULL AUTO_INCREMENT, AUTO_INCREMENT=58;

--
-- AUTO_INCREMENT de la tabla `grupo_alumnos`
--
ALTER TABLE `grupo_alumnos`
  MODIFY `id` int(11) NOT NULL AUTO_INCREMENT, AUTO_INCREMENT=21;

--
-- AUTO_INCREMENT de la tabla `grupo_evaluacion`
--
ALTER TABLE `grupo_evaluacion`
  MODIFY `id` int(11) NOT NULL AUTO_INCREMENT, AUTO_INCREMENT=12;

--
-- AUTO_INCREMENT de la tabla `grupo_recursos`
--
ALTER TABLE `grupo_recursos`
  MODIFY `id` int(11) NOT NULL AUTO_INCREMENT, AUTO_INCREMENT=20;

--
-- AUTO_INCREMENT de la tabla `grupo_teachers`
--
ALTER TABLE `grupo_teachers`
  MODIFY `id` int(11) NOT NULL AUTO_INCREMENT, AUTO_INCREMENT=22;

--
-- AUTO_INCREMENT de la tabla `horarios`
--
ALTER TABLE `horarios`
  MODIFY `id` int(11) NOT NULL AUTO_INCREMENT, AUTO_INCREMENT=10;

--
-- AUTO_INCREMENT de la tabla `kardex`
--
ALTER TABLE `kardex`
  MODIFY `id` int(11) NOT NULL AUTO_INCREMENT, AUTO_INCREMENT=3;

--
-- AUTO_INCREMENT de la tabla `lecciones_evaluacion`
--
ALTER TABLE `lecciones_evaluacion`
  MODIFY `id` int(5) NOT NULL AUTO_INCREMENT, AUTO_INCREMENT=21;

--
-- AUTO_INCREMENT de la tabla `maestros`
--
ALTER TABLE `maestros`
  MODIFY `id` int(11) NOT NULL AUTO_INCREMENT, AUTO_INCREMENT=7;

--
-- AUTO_INCREMENT de la tabla `modalidad`
--
ALTER TABLE `modalidad`
  MODIFY `id` int(11) NOT NULL AUTO_INCREMENT, AUTO_INCREMENT=3;

--
-- AUTO_INCREMENT de la tabla `niveles_evaluacion`
--
ALTER TABLE `niveles_evaluacion`
  MODIFY `id` int(5) NOT NULL AUTO_INCREMENT, AUTO_INCREMENT=15;

--
-- AUTO_INCREMENT de la tabla `niveles_grupo`
--
ALTER TABLE `niveles_grupo`
  MODIFY `id` int(11) NOT NULL AUTO_INCREMENT, AUTO_INCREMENT=2;

--
-- AUTO_INCREMENT de la tabla `notificaciones`
--
ALTER TABLE `notificaciones`
  MODIFY `id` int(11) NOT NULL AUTO_INCREMENT, AUTO_INCREMENT=7;

--
-- AUTO_INCREMENT de la tabla `paginas`
--
ALTER TABLE `paginas`
  MODIFY `id` int(11) NOT NULL AUTO_INCREMENT, AUTO_INCREMENT=7;

--
-- AUTO_INCREMENT de la tabla `paises`
--
ALTER TABLE `paises`
  MODIFY `id` int(5) NOT NULL AUTO_INCREMENT, AUTO_INCREMENT=252;

--
-- AUTO_INCREMENT de la tabla `planteles`
--
ALTER TABLE `planteles`
  MODIFY `id` int(5) NOT NULL AUTO_INCREMENT, AUTO_INCREMENT=7;

--
-- AUTO_INCREMENT de la tabla `preguntas`
--
ALTER TABLE `preguntas`
  MODIFY `id` int(11) NOT NULL AUTO_INCREMENT, AUTO_INCREMENT=323;

--
-- AUTO_INCREMENT de la tabla `preguntas_formulario`
--
ALTER TABLE `preguntas_formulario`
  MODIFY `id` int(11) NOT NULL AUTO_INCREMENT;

--
-- AUTO_INCREMENT de la tabla `pregunta_formulario_opcion_multiple`
--
ALTER TABLE `pregunta_formulario_opcion_multiple`
  MODIFY `id` int(11) NOT NULL AUTO_INCREMENT;

--
-- AUTO_INCREMENT de la tabla `pregunta_opcion_audio`
--
ALTER TABLE `pregunta_opcion_audio`
  MODIFY `id` int(5) NOT NULL AUTO_INCREMENT;

--
-- AUTO_INCREMENT de la tabla `pregunta_opcion_multiple`
--
ALTER TABLE `pregunta_opcion_multiple`
  MODIFY `id` int(5) NOT NULL AUTO_INCREMENT, AUTO_INCREMENT=290;

--
-- AUTO_INCREMENT de la tabla `pregunta_opcion_video`
--
ALTER TABLE `pregunta_opcion_video`
  MODIFY `id` int(5) NOT NULL AUTO_INCREMENT;

--
-- AUTO_INCREMENT de la tabla `recursos`
--
ALTER TABLE `recursos`
  MODIFY `id` int(11) NOT NULL AUTO_INCREMENT, AUTO_INCREMENT=81;

--
-- AUTO_INCREMENT de la tabla `respuestas_preguntas`
--
ALTER TABLE `respuestas_preguntas`
  MODIFY `id` int(11) NOT NULL AUTO_INCREMENT;

--
-- AUTO_INCREMENT de la tabla `rolles`
--
ALTER TABLE `rolles`
  MODIFY `id` int(5) NOT NULL AUTO_INCREMENT, AUTO_INCREMENT=6;

--
-- AUTO_INCREMENT de la tabla `salones`
--
ALTER TABLE `salones`
  MODIFY `id` int(11) NOT NULL AUTO_INCREMENT, AUTO_INCREMENT=6;

--
-- AUTO_INCREMENT de la tabla `tipo_evaluacion`
--
ALTER TABLE `tipo_evaluacion`
  MODIFY `id` int(5) NOT NULL AUTO_INCREMENT, AUTO_INCREMENT=4;

--
-- AUTO_INCREMENT de la tabla `tipo_preguntas`
--
ALTER TABLE `tipo_preguntas`
  MODIFY `id` int(5) NOT NULL AUTO_INCREMENT, AUTO_INCREMENT=7;

--
-- AUTO_INCREMENT de la tabla `tipo_recurso`
--
ALTER TABLE `tipo_recurso`
  MODIFY `id` int(11) NOT NULL AUTO_INCREMENT, AUTO_INCREMENT=5;

--
-- AUTO_INCREMENT de la tabla `tipo_recurso_evaluacion`
--
ALTER TABLE `tipo_recurso_evaluacion`
  MODIFY `id` int(11) NOT NULL AUTO_INCREMENT, AUTO_INCREMENT=4;

--
-- AUTO_INCREMENT de la tabla `tipo_usuarios`
--
ALTER TABLE `tipo_usuarios`
  MODIFY `id` int(3) NOT NULL AUTO_INCREMENT, AUTO_INCREMENT=6;

--
-- AUTO_INCREMENT de la tabla `unidad_negocio`
--
ALTER TABLE `unidad_negocio`
  MODIFY `id` int(3) NOT NULL AUTO_INCREMENT, AUTO_INCREMENT=2;

--
-- AUTO_INCREMENT de la tabla `usuarios`
--
ALTER TABLE `usuarios`
  MODIFY `id` int(11) NOT NULL AUTO_INCREMENT, AUTO_INCREMENT=41;

--
-- AUTO_INCREMENT de la tabla `valor_asistencia_frecuencia`
--
ALTER TABLE `valor_asistencia_frecuencia`
  MODIFY `id` int(11) NOT NULL AUTO_INCREMENT, AUTO_INCREMENT=3;
COMMIT;

/*!40101 SET CHARACTER_SET_CLIENT=@OLD_CHARACTER_SET_CLIENT */;
/*!40101 SET CHARACTER_SET_RESULTS=@OLD_CHARACTER_SET_RESULTS */;
/*!40101 SET COLLATION_CONNECTION=@OLD_COLLATION_CONNECTION */;
